timestamp,url,status,detail,response_time_ms
2026-04-24T14:57:26Z,(see SITE_URL secret),down,unknown (backfilled),
2026-04-24T15:34:40Z,(see SITE_URL secret),down,unknown (backfilled),
2026-04-24T16:09:11Z,(see SITE_URL secret),down,unknown (backfilled),
2026-04-24T16:35:36Z,(see SITE_URL secret),down,unknown (backfilled),
2026-04-24T17:08:40Z,(see SITE_URL secret),down,unknown (backfilled),
2026-04-24T17:34:52Z,(see SITE_URL secret),down,unknown (backfilled),
2026-06-02T06:05:49Z,(see SITE_URL secret),up,HTTP 200,
2026-06-02T07:34:51Z,(see SITE_URL secret),up,HTTP 200,
2026-06-02T09:24:32Z,(see SITE_URL secret),up,HTTP 200,
2026-06-02T11:02:09Z,(see SITE_URL secret),up,HTTP 200,
2026-06-02T12:45:30Z,(see SITE_URL secret),up,HTTP 200,
2026-06-02T14:25:30Z,(see SITE_URL secret),up,HTTP 200,
2026-06-02T15:49:02Z,(see SITE_URL secret),up,HTTP 200,
2026-06-02T17:31:30Z,(see SITE_URL secret),up,HTTP 200,
2026-06-02T19:10:57Z,(see SITE_URL secret),up,HTTP 200,
2026-06-02T20:28:30Z,(see SITE_URL secret),up,HTTP 200,
2026-06-02T21:34:04Z,(see SITE_URL secret),up,HTTP 200,
2026-06-02T22:39:54Z,(see SITE_URL secret),up,HTTP 200,
2026-06-02T23:32:30Z,(see SITE_URL secret),up,HTTP 200,
2026-06-03T00:42:11Z,(see SITE_URL secret),up,HTTP 200,
2026-06-03T01:52:50Z,(see SITE_URL secret),up,HTTP 200,
2026-06-03T03:06:07Z,(see SITE_URL secret),up,HTTP 200,
2026-06-03T05:10:19Z,(see SITE_URL secret),up,HTTP 200,
2026-06-03T07:09:01Z,(see SITE_URL secret),up,HTTP 200,
2026-06-03T09:06:32Z,(see SITE_URL secret),up,HTTP 200,
2026-06-03T11:14:39Z,(see SITE_URL secret),up,HTTP 200,
2026-06-03T12:57:40Z,(see SITE_URL secret),up,HTTP 200,
2026-06-03T14:37:39Z,(see SITE_URL secret),up,HTTP 200,
2026-06-03T16:32:16Z,(see SITE_URL secret),up,HTTP 200,
2026-06-03T18:27:25Z,(see SITE_URL secret),up,HTTP 200,
2026-06-03T19:48:57Z,(see SITE_URL secret),up,HTTP 200,
2026-06-03T21:02:12Z,(see SITE_URL secret),up,HTTP 200,
2026-06-03T22:18:11Z,(see SITE_URL secret),up,HTTP 200,
2026-06-03T23:10:38Z,(see SITE_URL secret),up,HTTP 200,
2026-06-04T00:05:29Z,(see SITE_URL secret),up,HTTP 200,
2026-06-04T01:36:33Z,(see SITE_URL secret),up,HTTP 200,
2026-06-04T03:05:35Z,(see SITE_URL secret),up,HTTP 200,
2026-06-04T05:07:17Z,(see SITE_URL secret),up,HTTP 200,
2026-06-04T07:01:11Z,(see SITE_URL secret),up,HTTP 200,
2026-06-04T08:45:53Z,(see SITE_URL secret),up,HTTP 200,
2026-06-04T10:17:36Z,(see SITE_URL secret),up,HTTP 200,
2026-06-04T11:30:40Z,(see SITE_URL secret),up,HTTP 200,
2026-06-04T12:58:55Z,(see SITE_URL secret),up,HTTP 200,
2026-06-04T14:06:20Z,(see SITE_URL secret),up,HTTP 200,
2026-06-04T15:39:33Z,(see SITE_URL secret),up,HTTP 200,
2026-06-04T17:01:03Z,(see SITE_URL secret),up,HTTP 200,
2026-06-04T18:15:19Z,(see SITE_URL secret),up,HTTP 200,
2026-06-04T19:16:33Z,(see SITE_URL secret),up,HTTP 200,
2026-06-04T20:13:58Z,(see SITE_URL secret),up,HTTP 200,
2026-06-04T21:05:25Z,(see SITE_URL secret),up,HTTP 200,
2026-06-04T22:00:31Z,(see SITE_URL secret),up,HTTP 200,
2026-06-04T22:54:39Z,(see SITE_URL secret),up,HTTP 200,
2026-06-04T23:24:59Z,(see SITE_URL secret),up,HTTP 200,
2026-06-04T23:52:01Z,(see SITE_URL secret),up,HTTP 200,
2026-06-05T00:35:05Z,(see SITE_URL secret),up,HTTP 200,
2026-06-05T01:42:47Z,(see SITE_URL secret),up,HTTP 200,
2026-06-05T03:04:33Z,(see SITE_URL secret),up,HTTP 200,
2026-06-05T04:58:58Z,(see SITE_URL secret),up,HTTP 200,
2026-06-05T06:35:22Z,(see SITE_URL secret),up,HTTP 200,
2026-06-05T08:21:00Z,(see SITE_URL secret),up,HTTP 200,
2026-06-05T09:45:26Z,(see SITE_URL secret),up,HTTP 200,
2026-06-05T11:04:49Z,(see SITE_URL secret),up,HTTP 200,
2026-06-05T12:25:06Z,(see SITE_URL secret),up,HTTP 200,
2026-06-05T13:31:39Z,(see SITE_URL secret),up,HTTP 200,
2026-06-05T15:00:14Z,(see SITE_URL secret),up,HTTP 200,
2026-06-05T16:19:53Z,(see SITE_URL secret),up,HTTP 200,
2026-06-05T17:15:28Z,(see SITE_URL secret),up,HTTP 200,
2026-06-05T18:07:58Z,(see SITE_URL secret),up,HTTP 200,
2026-06-05T19:08:02Z,(see SITE_URL secret),up,HTTP 200,
2026-06-05T20:09:05Z,(see SITE_URL secret),up,HTTP 200,
2026-06-05T21:02:08Z,(see SITE_URL secret),up,HTTP 200,
2026-06-05T21:58:43Z,(see SITE_URL secret),up,HTTP 200,
2026-06-05T22:33:27Z,(see SITE_URL secret),up,HTTP 200,
2026-06-05T23:26:01Z,(see SITE_URL secret),up,HTTP 200,
2026-06-05T23:52:06Z,(see SITE_URL secret),up,HTTP 200,
2026-06-06T00:33:05Z,(see SITE_URL secret),up,HTTP 200,
2026-06-06T01:37:53Z,(see SITE_URL secret),up,HTTP 200,
2026-06-06T03:03:17Z,(see SITE_URL secret),up,HTTP 200,
2026-06-06T04:46:38Z,(see SITE_URL secret),up,HTTP 200,
2026-06-06T06:11:14Z,(see SITE_URL secret),up,HTTP 200,
2026-06-06T07:30:44Z,(see SITE_URL secret),up,HTTP 200,
2026-06-06T08:51:29Z,(see SITE_URL secret),up,HTTP 200,
2026-06-06T09:39:49Z,(see SITE_URL secret),up,HTTP 200,
2026-06-06T10:36:59Z,(see SITE_URL secret),up,HTTP 200,
2026-06-06T11:30:23Z,(see SITE_URL secret),up,HTTP 200,
2026-06-06T12:24:15Z,(see SITE_URL secret),up,HTTP 200,
2026-06-06T12:53:33Z,(see SITE_URL secret),up,HTTP 200,
2026-06-06T13:30:57Z,(see SITE_URL secret),up,HTTP 200,
2026-06-06T14:31:11Z,(see SITE_URL secret),up,HTTP 200,
2026-06-06T15:26:43Z,(see SITE_URL secret),up,HTTP 200,
2026-06-06T15:55:49Z,(see SITE_URL secret),up,HTTP 200,
2026-06-06T16:25:47Z,(see SITE_URL secret),up,HTTP 200,
2026-06-06T16:51:27Z,(see SITE_URL secret),up,HTTP 200,
2026-06-06T17:25:43Z,(see SITE_URL secret),up,HTTP 200,
2026-06-06T17:52:02Z,(see SITE_URL secret),up,HTTP 200,
2026-06-06T18:24:58Z,(see SITE_URL secret),up,HTTP 200,
2026-06-06T18:53:25Z,(see SITE_URL secret),up,HTTP 200,
2026-06-06T19:29:41Z,(see SITE_URL secret),up,HTTP 200,
2026-06-06T19:59:21Z,(see SITE_URL secret),up,HTTP 200,
2026-06-06T20:34:03Z,(see SITE_URL secret),up,HTTP 200,
2026-06-06T21:21:54Z,(see SITE_URL secret),up,HTTP 200,
2026-06-06T21:48:39Z,(see SITE_URL secret),up,HTTP 200,
2026-06-06T22:21:53Z,(see SITE_URL secret),up,HTTP 200,
2026-06-06T22:48:12Z,(see SITE_URL secret),up,HTTP 200,
2026-06-06T23:21:15Z,(see SITE_URL secret),up,HTTP 200,
2026-06-06T23:49:08Z,(see SITE_URL secret),up,HTTP 200,
2026-06-07T00:34:30Z,(see SITE_URL secret),up,HTTP 200,
2026-06-07T01:43:00Z,(see SITE_URL secret),up,HTTP 200,
2026-06-07T03:04:48Z,(see SITE_URL secret),up,HTTP 200,
2026-06-07T05:02:07Z,(see SITE_URL secret),up,HTTP 200,
2026-06-07T06:51:13Z,(see SITE_URL secret),up,HTTP 200,
2026-06-07T08:10:39Z,(see SITE_URL secret),up,HTTP 200,
2026-06-07T09:37:14Z,(see SITE_URL secret),up,HTTP 200,
2026-06-07T10:43:54Z,(see SITE_URL secret),up,HTTP 200,
2026-06-07T11:32:55Z,(see SITE_URL secret),up,HTTP 200,
2026-06-07T12:30:21Z,(see SITE_URL secret),up,HTTP 200,
2026-06-07T13:32:10Z,(see SITE_URL secret),up,HTTP 200,
2026-06-07T14:35:22Z,(see SITE_URL secret),up,HTTP 200,
2026-06-07T15:29:34Z,(see SITE_URL secret),up,HTTP 200,
2026-06-07T15:59:23Z,(see SITE_URL secret),up,HTTP 200,
2026-06-07T16:38:58Z,(see SITE_URL secret),up,HTTP 200,
2026-06-07T17:28:19Z,(see SITE_URL secret),up,HTTP 200,
2026-06-07T17:55:00Z,(see SITE_URL secret),up,HTTP 200,
2026-06-07T18:24:44Z,(see SITE_URL secret),up,HTTP 200,
2026-06-07T18:54:28Z,(see SITE_URL secret),up,HTTP 200,
2026-06-07T19:30:19Z,(see SITE_URL secret),up,HTTP 200,
2026-06-07T20:25:14Z,(see SITE_URL secret),up,HTTP 200,
2026-06-07T20:52:06Z,(see SITE_URL secret),up,HTTP 200,
2026-06-07T21:25:40Z,(see SITE_URL secret),up,HTTP 200,
2026-06-07T21:51:59Z,(see SITE_URL secret),up,HTTP 200,
2026-06-07T22:22:03Z,(see SITE_URL secret),up,HTTP 200,
2026-06-07T22:48:58Z,(see SITE_URL secret),up,HTTP 200,
2026-06-07T23:22:40Z,(see SITE_URL secret),up,HTTP 200,
2026-06-07T23:50:05Z,(see SITE_URL secret),up,HTTP 200,
2026-06-08T00:36:05Z,(see SITE_URL secret),up,HTTP 200,
2026-06-08T01:45:54Z,(see SITE_URL secret),up,HTTP 200,
2026-06-08T03:05:25Z,(see SITE_URL secret),up,HTTP 200,
2026-06-08T05:05:05Z,(see SITE_URL secret),up,HTTP 200,
2026-06-08T07:06:27Z,(see SITE_URL secret),up,HTTP 200,
2026-06-08T09:05:35Z,(see SITE_URL secret),up,HTTP 200,
2026-06-08T11:13:44Z,(see SITE_URL secret),up,HTTP 200,
2026-06-08T12:51:47Z,(see SITE_URL secret),up,HTTP 200,
2026-06-08T14:24:36Z,(see SITE_URL secret),up,HTTP 200,
2026-06-08T15:45:50Z,(see SITE_URL secret),up,HTTP 200,
2026-06-08T17:04:32Z,(see SITE_URL secret),up,HTTP 200,
2026-06-08T18:17:14Z,(see SITE_URL secret),up,HTTP 200,
2026-06-08T19:16:36Z,(see SITE_URL secret),up,HTTP 200,
2026-06-08T20:15:22Z,(see SITE_URL secret),up,HTTP 200,
2026-06-08T21:13:28Z,(see SITE_URL secret),up,HTTP 200,
2026-06-08T22:04:17Z,(see SITE_URL secret),up,HTTP 200,
2026-06-08T22:58:39Z,(see SITE_URL secret),up,HTTP 200,
2026-06-08T23:33:22Z,(see SITE_URL secret),up,HTTP 200,
2026-06-09T00:30:15Z,(see SITE_URL secret),up,HTTP 200,
2026-06-09T01:35:48Z,(see SITE_URL secret),up,HTTP 200,
2026-06-09T03:03:50Z,(see SITE_URL secret),up,HTTP 200,
2026-06-09T04:52:20Z,(see SITE_URL secret),up,HTTP 200,
2026-06-09T06:22:15Z,(see SITE_URL secret),up,HTTP 200,
2026-06-09T07:45:36Z,(see SITE_URL secret),up,HTTP 200,
2026-06-09T09:05:09Z,(see SITE_URL secret),up,HTTP 200,
2026-06-09T10:39:10Z,(see SITE_URL secret),up,HTTP 200,
2026-06-09T12:00:33Z,(see SITE_URL secret),up,HTTP 200,
2026-06-09T13:26:53Z,(see SITE_URL secret),up,HTTP 200,
2026-06-09T14:20:11Z,(see SITE_URL secret),up,HTTP 200,
2026-06-09T15:32:30Z,(see SITE_URL secret),up,HTTP 200,
2026-06-09T16:52:44Z,(see SITE_URL secret),up,HTTP 200,
2026-06-09T17:39:12Z,(see SITE_URL secret),up,HTTP 200,
2026-06-09T18:41:40Z,(see SITE_URL secret),up,HTTP 200,
2026-06-09T19:40:15Z,(see SITE_URL secret),up,HTTP 200,
2026-06-09T20:39:02Z,(see SITE_URL secret),up,HTTP 200,
2026-06-09T21:32:55Z,(see SITE_URL secret),up,HTTP 200,
2026-06-09T22:29:58Z,(see SITE_URL secret),up,HTTP 200,
2026-06-09T23:03:41Z,(see SITE_URL secret),up,HTTP 200,
2026-06-09T23:55:51Z,(see SITE_URL secret),up,HTTP 200,
2026-06-10T00:48:10Z,(see SITE_URL secret),up,HTTP 200,
2026-06-10T01:41:59Z,(see SITE_URL secret),up,HTTP 200,
2026-06-10T03:04:32Z,(see SITE_URL secret),up,HTTP 200,
2026-06-10T04:59:46Z,(see SITE_URL secret),up,HTTP 200,
2026-06-10T06:36:23Z,(see SITE_URL secret),up,HTTP 200,
2026-06-10T08:21:51Z,(see SITE_URL secret),up,HTTP 200,
2026-06-10T09:46:19Z,(see SITE_URL secret),up,HTTP 200,
2026-06-10T11:13:56Z,(see SITE_URL secret),up,HTTP 200,
2026-06-10T12:37:12Z,(see SITE_URL secret),up,HTTP 200,
2026-06-10T14:07:09Z,(see SITE_URL secret),up,HTTP 200,
2026-06-10T15:44:58Z,(see SITE_URL secret),up,HTTP 200,
2026-06-10T17:05:19Z,(see SITE_URL secret),up,HTTP 200,
2026-06-10T18:20:08Z,(see SITE_URL secret),up,HTTP 200,
2026-06-10T19:21:29Z,(see SITE_URL secret),up,HTTP 200,
2026-06-10T20:16:52Z,(see SITE_URL secret),up,HTTP 200,
2026-06-10T21:18:55Z,(see SITE_URL secret),up,HTTP 200,
2026-06-10T22:13:35Z,(see SITE_URL secret),up,HTTP 200,
2026-06-10T23:02:18Z,(see SITE_URL secret),up,HTTP 200,
2026-06-10T23:58:39Z,(see SITE_URL secret),up,HTTP 200,
2026-06-11T01:19:55Z,(see SITE_URL secret),up,HTTP 200,
2026-06-11T02:19:12Z,(see SITE_URL secret),up,HTTP 200,
2026-06-11T03:45:24Z,(see SITE_URL secret),up,HTTP 200,
2026-06-11T05:32:54Z,(see SITE_URL secret),up,HTTP 200,
2026-06-11T07:36:23Z,(see SITE_URL secret),up,HTTP 200,
2026-06-11T09:26:41Z,(see SITE_URL secret),up,HTTP 200,
2026-06-11T11:04:40Z,(see SITE_URL secret),up,HTTP 200,
2026-06-11T12:45:46Z,(see SITE_URL secret),up,HTTP 200,
2026-06-11T14:16:24Z,(see SITE_URL secret),up,HTTP 200,
2026-06-11T15:46:59Z,(see SITE_URL secret),up,HTTP 200,
2026-06-11T17:12:32Z,(see SITE_URL secret),up,HTTP 200,
2026-06-11T18:31:30Z,(see SITE_URL secret),up,HTTP 200,
2026-06-11T19:50:27Z,(see SITE_URL secret),up,HTTP 200,
2026-06-11T20:47:08Z,(see SITE_URL secret),up,HTTP 200,
2026-06-11T21:39:50Z,(see SITE_URL secret),up,HTTP 200,
2026-06-11T22:34:15Z,(see SITE_URL secret),up,HTTP 200,
2026-06-11T23:30:18Z,(see SITE_URL secret),up,HTTP 200,
2026-06-12T00:38:11Z,(see SITE_URL secret),up,HTTP 200,
2026-06-12T01:47:12Z,(see SITE_URL secret),up,HTTP 200,
2026-06-12T03:04:57Z,(see SITE_URL secret),up,HTTP 200,
2026-06-12T05:06:28Z,(see SITE_URL secret),up,HTTP 200,
2026-06-12T07:01:13Z,(see SITE_URL secret),up,HTTP 200,
2026-06-12T08:49:44Z,(see SITE_URL secret),up,HTTP 200,
2026-06-12T10:29:47Z,(see SITE_URL secret),up,HTTP 200,
2026-06-12T11:49:59Z,(see SITE_URL secret),up,HTTP 200,
2026-06-12T13:04:47Z,(see SITE_URL secret),up,HTTP 200,
2026-06-12T14:22:42Z,(see SITE_URL secret),up,HTTP 200,
2026-06-12T15:38:22Z,(see SITE_URL secret),up,HTTP 200,
2026-06-12T16:57:48Z,(see SITE_URL secret),up,HTTP 200,
2026-06-12T17:52:53Z,(see SITE_URL secret),up,HTTP 200,
2026-06-12T18:37:26Z,(see SITE_URL secret),up,HTTP 200,
2026-06-12T19:37:51Z,(see SITE_URL secret),up,HTTP 200,
2026-06-12T20:43:21Z,(see SITE_URL secret),up,HTTP 200,
2026-06-12T21:32:05Z,(see SITE_URL secret),up,HTTP 200,
2026-06-12T22:30:38Z,(see SITE_URL secret),up,HTTP 200,
2026-06-12T23:29:15Z,(see SITE_URL secret),up,HTTP 200,
2026-06-13T00:03:49Z,(see SITE_URL secret),up,HTTP 200,
2026-06-13T01:28:56Z,(see SITE_URL secret),up,HTTP 200,
2026-06-13T02:26:22Z,(see SITE_URL secret),up,HTTP 200,
2026-06-13T03:47:00Z,(see SITE_URL secret),up,HTTP 200,
2026-06-13T05:29:34Z,(see SITE_URL secret),up,HTTP 200,
2026-06-13T06:53:15Z,(see SITE_URL secret),up,HTTP 200,
2026-06-13T08:07:07Z,(see SITE_URL secret),up,HTTP 200,
2026-06-13T09:36:14Z,(see SITE_URL secret),up,HTTP 200,
2026-06-13T10:46:24Z,(see SITE_URL secret),up,HTTP 200,
2026-06-13T11:35:36Z,(see SITE_URL secret),up,HTTP 200,
2026-06-13T12:33:07Z,(see SITE_URL secret),up,HTTP 200,
2026-06-13T13:32:19Z,(see SITE_URL secret),up,HTTP 200,
2026-06-13T14:42:47Z,(see SITE_URL secret),up,HTTP 200,
2026-06-13T15:32:19Z,(see SITE_URL secret),up,HTTP 200,
2026-06-13T16:28:29Z,(see SITE_URL secret),up,HTTP 200,
2026-06-13T17:01:09Z,(see SITE_URL secret),up,HTTP 200,
2026-06-13T17:55:06Z,(see SITE_URL secret),up,HTTP 200,
2026-06-13T18:26:57Z,(see SITE_URL secret),up,HTTP 200,
2026-06-13T18:56:18Z,(see SITE_URL secret),up,HTTP 200,
2026-06-13T19:33:28Z,(see SITE_URL secret),up,HTTP 200,
2026-06-13T20:27:28Z,(see SITE_URL secret),up,HTTP 200,
2026-06-13T20:54:42Z,(see SITE_URL secret),up,HTTP 200,
2026-06-13T21:27:14Z,(see SITE_URL secret),up,HTTP 200,
2026-06-13T21:53:21Z,(see SITE_URL secret),up,HTTP 200,
2026-06-13T22:22:12Z,(see SITE_URL secret),up,HTTP 200,
2026-06-13T22:49:11Z,(see SITE_URL secret),up,HTTP 200,
2026-06-13T23:23:59Z,(see SITE_URL secret),up,HTTP 200,
2026-06-13T23:50:30Z,(see SITE_URL secret),up,HTTP 200,
2026-06-14T00:35:41Z,(see SITE_URL secret),up,HTTP 200,
2026-06-14T01:46:29Z,(see SITE_URL secret),up,HTTP 200,
2026-06-14T03:05:35Z,(see SITE_URL secret),up,HTTP 200,
2026-06-14T05:07:26Z,(see SITE_URL secret),up,HTTP 200,
2026-06-14T07:02:34Z,(see SITE_URL secret),up,HTTP 200,
2026-06-14T08:44:20Z,(see SITE_URL secret),up,HTTP 200,
2026-06-14T10:09:40Z,(see SITE_URL secret),up,HTTP 200,
2026-06-14T11:18:41Z,(see SITE_URL secret),up,HTTP 200,
2026-06-14T12:10:47Z,(see SITE_URL secret),up,HTTP 200,
2026-06-14T13:05:28Z,(see SITE_URL secret),up,HTTP 200,
2026-06-14T14:14:10Z,(see SITE_URL secret),up,HTTP 200,
2026-06-14T15:12:30Z,(see SITE_URL secret),up,HTTP 200,
2026-06-14T16:01:22Z,(see SITE_URL secret),up,HTTP 200,
2026-06-14T16:58:05Z,(see SITE_URL secret),up,HTTP 200,
2026-06-14T17:36:24Z,(see SITE_URL secret),up,HTTP 200,
2026-06-14T18:26:46Z,(see SITE_URL secret),up,HTTP 200,
2026-06-14T18:56:04Z,(see SITE_URL secret),up,HTTP 200,
2026-06-14T19:32:47Z,(see SITE_URL secret),up,HTTP 200,
2026-06-14T20:27:05Z,(see SITE_URL secret),up,HTTP 200,
2026-06-14T20:53:40Z,(see SITE_URL secret),up,HTTP 200,
2026-06-14T21:27:15Z,(see SITE_URL secret),up,HTTP 200,
2026-06-14T21:56:37Z,(see SITE_URL secret),up,HTTP 200,
2026-06-14T22:29:08Z,(see SITE_URL secret),up,HTTP 200,
2026-06-14T22:55:03Z,(see SITE_URL secret),up,HTTP 200,
2026-06-14T23:26:50Z,(see SITE_URL secret),up,HTTP 200,
2026-06-14T23:53:18Z,(see SITE_URL secret),up,HTTP 200,
2026-06-15T00:37:33Z,(see SITE_URL secret),up,HTTP 200,
2026-06-15T01:48:27Z,(see SITE_URL secret),up,HTTP 200,
2026-06-15T03:06:14Z,(see SITE_URL secret),up,HTTP 200,
2026-06-15T05:13:55Z,(see SITE_URL secret),up,HTTP 200,
2026-06-15T07:15:48Z,(see SITE_URL secret),up,HTTP 200,
2026-06-15T09:36:35Z,(see SITE_URL secret),up,HTTP 200,
2026-06-15T12:01:34Z,(see SITE_URL secret),up,HTTP 200,
2026-06-15T14:37:04Z,(see SITE_URL secret),up,HTTP 200,
2026-06-15T16:35:27Z,(see SITE_URL secret),up,HTTP 200,
2026-06-15T18:30:12Z,(see SITE_URL secret),up,HTTP 200,
2026-06-15T20:08:34Z,(see SITE_URL secret),up,HTTP 200,
2026-06-15T21:30:44Z,(see SITE_URL secret),up,HTTP 200,
2026-06-15T22:39:29Z,(see SITE_URL secret),up,HTTP 200,
2026-06-15T23:32:30Z,(see SITE_URL secret),up,HTTP 200,
2026-06-16T00:43:22Z,(see SITE_URL secret),up,HTTP 200,
2026-06-16T01:52:43Z,(see SITE_URL secret),up,HTTP 200,
2026-06-16T03:05:44Z,(see SITE_URL secret),up,HTTP 200,
2026-06-16T05:14:13Z,(see SITE_URL secret),up,HTTP 200,
2026-06-16T07:16:51Z,(see SITE_URL secret),up,HTTP 200,
2026-06-16T09:17:19Z,(see SITE_URL secret),up,HTTP 200,
2026-06-16T11:14:54Z,(see SITE_URL secret),up,HTTP 200,
2026-06-16T13:06:03Z,(see SITE_URL secret),up,HTTP 200,
2026-06-16T15:14:22Z,(see SITE_URL secret),up,HTTP 200,
2026-06-16T17:14:11Z,(see SITE_URL secret),up,HTTP 200,
2026-06-16T18:48:39Z,(see SITE_URL secret),up,HTTP 200,
2026-06-16T20:02:16Z,(see SITE_URL secret),up,HTTP 200,
2026-06-16T21:29:32Z,(see SITE_URL secret),up,HTTP 200,
2026-06-16T22:20:22Z,(see SITE_URL secret),up,HTTP 200,
2026-06-16T23:00:59Z,(see SITE_URL secret),up,HTTP 200,
2026-06-16T23:58:38Z,(see SITE_URL secret),up,HTTP 200,
2026-06-17T01:23:34Z,(see SITE_URL secret),up,HTTP 200,
2026-06-17T02:18:41Z,(see SITE_URL secret),up,HTTP 200,
2026-06-17T03:45:43Z,(see SITE_URL secret),up,HTTP 200,
2026-06-17T05:36:36Z,(see SITE_URL secret),up,HTTP 200,
2026-06-17T07:45:29Z,(see SITE_URL secret),up,HTTP 200,
2026-06-17T09:34:15Z,(see SITE_URL secret),up,HTTP 200,
2026-06-17T11:32:43Z,(see SITE_URL secret),up,HTTP 200,
2026-06-17T13:11:18Z,(see SITE_URL secret),up,HTTP 200,
2026-06-17T14:32:17Z,(see SITE_URL secret),up,HTTP 200,
2026-06-17T16:15:36Z,(see SITE_URL secret),up,HTTP 200,
2026-06-17T17:29:34Z,(see SITE_URL secret),up,HTTP 200,
2026-06-17T18:21:40Z,(see SITE_URL secret),up,HTTP 200,
2026-06-17T19:17:14Z,(see SITE_URL secret),up,HTTP 200,
2026-06-17T20:15:03Z,(see SITE_URL secret),up,HTTP 200,
2026-06-17T21:14:08Z,(see SITE_URL secret),up,HTTP 200,
2026-06-17T22:10:15Z,(see SITE_URL secret),up,HTTP 200,
2026-06-17T22:59:32Z,(see SITE_URL secret),up,HTTP 200,
2026-06-17T23:40:39Z,(see SITE_URL secret),up,HTTP 200,
2026-06-18T00:39:23Z,(see SITE_URL secret),up,HTTP 200,
2026-06-18T01:49:41Z,(see SITE_URL secret),up,HTTP 200,
2026-06-18T03:04:58Z,(see SITE_URL secret),up,HTTP 200,
2026-06-18T05:05:45Z,(see SITE_URL secret),up,HTTP 200,
2026-06-18T07:07:32Z,(see SITE_URL secret),up,HTTP 200,
2026-06-18T09:00:20Z,(see SITE_URL secret),up,HTTP 200,
2026-06-18T10:57:24Z,(see SITE_URL secret),up,HTTP 200,
2026-06-18T12:11:49Z,(see SITE_URL secret),up,HTTP 200,
2026-06-18T13:40:15Z,(see SITE_URL secret),up,HTTP 200,
2026-06-18T15:02:34Z,(see SITE_URL secret),up,HTTP 200,
2026-06-18T16:41:17Z,(see SITE_URL secret),up,HTTP 200,
2026-06-18T18:00:40Z,(see SITE_URL secret),up,HTTP 200,
2026-06-18T19:16:51Z,(see SITE_URL secret),up,HTTP 200,
2026-06-18T20:16:16Z,(see SITE_URL secret),up,HTTP 200,
2026-06-18T21:16:45Z,(see SITE_URL secret),up,HTTP 200,
2026-06-18T22:14:23Z,(see SITE_URL secret),up,HTTP 200,
2026-06-18T23:06:55Z,(see SITE_URL secret),up,HTTP 200,
2026-06-19T00:02:29Z,(see SITE_URL secret),up,HTTP 200,
2026-06-19T01:37:15Z,(see SITE_URL secret),up,HTTP 200,
2026-06-19T03:06:14Z,(see SITE_URL secret),up,HTTP 200,
2026-06-19T05:13:36Z,(see SITE_URL secret),up,HTTP 200,
2026-06-19T07:14:33Z,(see SITE_URL secret),up,HTTP 200,
2026-06-19T09:11:14Z,(see SITE_URL secret),up,HTTP 200,
2026-06-19T11:01:26Z,(see SITE_URL secret),up,HTTP 200,
2026-06-19T12:45:14Z,(see SITE_URL secret),up,HTTP 200,
2026-06-19T14:01:39Z,(see SITE_URL secret),up,HTTP 200,
2026-06-19T15:39:14Z,(see SITE_URL secret),up,HTTP 200,
2026-06-19T16:47:37Z,(see SITE_URL secret),up,HTTP 200,
2026-06-19T17:35:02Z,(see SITE_URL secret),up,HTTP 200,
2026-06-19T18:34:02Z,(see SITE_URL secret),up,HTTP 200,
2026-06-19T19:32:09Z,(see SITE_URL secret),up,HTTP 200,
2026-06-19T20:29:57Z,(see SITE_URL secret),up,HTTP 200,
2026-06-19T20:57:16Z,(see SITE_URL secret),up,HTTP 200,
2026-06-19T21:30:19Z,(see SITE_URL secret),up,HTTP 200,
2026-06-19T22:19:03Z,(see SITE_URL secret),up,HTTP 200,
2026-06-19T22:46:36Z,(see SITE_URL secret),up,HTTP 200,
2026-06-19T23:21:17Z,(see SITE_URL secret),up,HTTP 200,
2026-06-19T23:50:55Z,(see SITE_URL secret),up,HTTP 200,
2026-06-20T00:33:48Z,(see SITE_URL secret),up,HTTP 200,
2026-06-20T01:40:58Z,(see SITE_URL secret),up,HTTP 200,
2026-06-20T03:04:00Z,(see SITE_URL secret),up,HTTP 200,
2026-06-20T04:56:04Z,(see SITE_URL secret),up,HTTP 200,
2026-06-20T06:31:27Z,(see SITE_URL secret),up,HTTP 200,
2026-06-20T08:08:35Z,(see SITE_URL secret),up,HTTP 200,
2026-06-20T09:38:02Z,(see SITE_URL secret),up,HTTP 200,
2026-06-20T10:46:54Z,(see SITE_URL secret),up,HTTP 200,
2026-06-20T11:37:20Z,(see SITE_URL secret),up,HTTP 200,
2026-06-20T12:33:33Z,(see SITE_URL secret),up,HTTP 200,
2026-06-20T13:32:36Z,(see SITE_URL secret),up,HTTP 200,
2026-06-20T14:44:49Z,(see SITE_URL secret),up,HTTP 200,
2026-06-20T15:32:12Z,(see SITE_URL secret),up,HTTP 200,
2026-06-20T16:29:55Z,(see SITE_URL secret),up,HTTP 200,
2026-06-20T17:05:47Z,(see SITE_URL secret),up,HTTP 200,
2026-06-20T17:56:42Z,(see SITE_URL secret),up,HTTP 200,
2026-06-20T18:35:26Z,(see SITE_URL secret),up,HTTP 200,
2026-06-20T19:30:13Z,(see SITE_URL secret),up,HTTP 200,
2026-06-20T20:26:44Z,(see SITE_URL secret),up,HTTP 200,
2026-06-20T20:54:49Z,(see SITE_URL secret),up,HTTP 200,
2026-06-20T21:28:10Z,(see SITE_URL secret),up,HTTP 200,
2026-06-20T21:55:39Z,(see SITE_URL secret),up,HTTP 200,
2026-06-20T22:26:03Z,(see SITE_URL secret),up,HTTP 200,
2026-06-20T22:51:51Z,(see SITE_URL secret),up,HTTP 200,
2026-06-20T23:25:51Z,(see SITE_URL secret),up,HTTP 200,
2026-06-20T23:51:59Z,(see SITE_URL secret),up,HTTP 200,
2026-06-21T00:36:56Z,(see SITE_URL secret),up,HTTP 200,
2026-06-21T01:48:18Z,(see SITE_URL secret),up,HTTP 200,
2026-06-21T03:05:55Z,(see SITE_URL secret),up,HTTP 200,
2026-06-21T05:11:52Z,(see SITE_URL secret),up,HTTP 200,
2026-06-21T07:07:45Z,(see SITE_URL secret),up,HTTP 200,
2026-06-21T08:49:51Z,(see SITE_URL secret),up,HTTP 200,
2026-06-21T10:13:41Z,(see SITE_URL secret),up,HTTP 200,
2026-06-21T11:29:56Z,(see SITE_URL secret),up,HTTP 200,
2026-06-21T12:18:36Z,(see SITE_URL secret),up,HTTP 200,
2026-06-21T13:13:26Z,(see SITE_URL secret),up,HTTP 200,
2026-06-21T14:14:40Z,(see SITE_URL secret),up,HTTP 200,
2026-06-21T15:13:32Z,(see SITE_URL secret),up,HTTP 200,
2026-06-21T16:08:54Z,(see SITE_URL secret),up,HTTP 200,
2026-06-21T17:00:53Z,(see SITE_URL secret),up,HTTP 200,
2026-06-21T18:01:37Z,(see SITE_URL secret),up,HTTP 200,
2026-06-21T19:00:10Z,(see SITE_URL secret),up,HTTP 200,
2026-06-21T20:05:34Z,(see SITE_URL secret),up,HTTP 200,
2026-06-21T20:55:31Z,(see SITE_URL secret),up,HTTP 200,
2026-06-21T21:29:05Z,(see SITE_URL secret),up,HTTP 200,
2026-06-21T21:59:57Z,(see SITE_URL secret),up,HTTP 200,
2026-06-21T22:34:58Z,(see SITE_URL secret),up,HTTP 200,
2026-06-21T23:28:11Z,(see SITE_URL secret),up,HTTP 200,
2026-06-21T23:57:15Z,(see SITE_URL secret),up,HTTP 200,
2026-06-22T01:12:44Z,(see SITE_URL secret),up,HTTP 200,
2026-06-22T02:18:20Z,(see SITE_URL secret),up,HTTP 200,
2026-06-22T03:45:48Z,(see SITE_URL secret),up,HTTP 200,
2026-06-22T05:47:02Z,(see SITE_URL secret),up,HTTP 200,
2026-06-22T07:54:52Z,(see SITE_URL secret),up,HTTP 200,
2026-06-22T09:59:22Z,(see SITE_URL secret),up,HTTP 200,
2026-06-22T12:07:54Z,(see SITE_URL secret),up,HTTP 200,
2026-06-22T14:18:26Z,(see SITE_URL secret),up,HTTP 200,
2026-06-22T16:04:01Z,(see SITE_URL secret),up,HTTP 200,
2026-06-22T18:01:26Z,(see SITE_URL secret),up,HTTP 200,
2026-06-22T19:41:01Z,(see SITE_URL secret),up,HTTP 200,
2026-06-22T20:59:43Z,(see SITE_URL secret),up,HTTP 200,
2026-06-22T21:46:58Z,(see SITE_URL secret),up,HTTP 200,
2026-06-22T22:32:32Z,(see SITE_URL secret),up,HTTP 200,
2026-06-22T23:29:04Z,(see SITE_URL secret),up,HTTP 200,
2026-06-22T23:56:11Z,(see SITE_URL secret),up,HTTP 200,
2026-06-23T00:48:23Z,(see SITE_URL secret),up,HTTP 200,
2026-06-23T01:38:24Z,(see SITE_URL secret),up,HTTP 200,
2026-06-23T03:03:38Z,(see SITE_URL secret),up,HTTP 200,
2026-06-23T04:48:51Z,(see SITE_URL secret),up,HTTP 200,
2026-06-23T06:22:24Z,(see SITE_URL secret),up,HTTP 200,
2026-06-23T07:45:34Z,(see SITE_URL secret),up,HTTP 200,
2026-06-23T09:04:43Z,(see SITE_URL secret),up,HTTP 200,
2026-06-23T10:40:48Z,(see SITE_URL secret),up,HTTP 200,
2026-06-23T12:00:39Z,(see SITE_URL secret),up,HTTP 200,
2026-06-23T13:25:27Z,(see SITE_URL secret),up,HTTP 200,
2026-06-23T14:18:03Z,(see SITE_URL secret),up,HTTP 200,
2026-06-23T15:31:24Z,(see SITE_URL secret),up,HTTP 200,
2026-06-23T16:47:25Z,(see SITE_URL secret),up,HTTP 200,
2026-06-23T17:34:26Z,(see SITE_URL secret),up,HTTP 200,
2026-06-23T18:39:01Z,(see SITE_URL secret),up,HTTP 200,
2026-06-23T19:34:56Z,(see SITE_URL secret),up,HTTP 200,
2026-06-23T20:41:33Z,(see SITE_URL secret),up,HTTP 200,
2026-06-23T21:31:35Z,(see SITE_URL secret),up,HTTP 200,
2026-06-23T22:25:14Z,(see SITE_URL secret),up,HTTP 200,
2026-06-23T22:52:18Z,(see SITE_URL secret),up,HTTP 200,
2026-06-23T23:23:34Z,(see SITE_URL secret),up,HTTP 200,
2026-06-23T23:46:44Z,(see SITE_URL secret),up,HTTP 200,
2026-06-24T00:29:06Z,(see SITE_URL secret),up,HTTP 200,
2026-06-24T01:20:09Z,(see SITE_URL secret),up,HTTP 200,
2026-06-24T02:17:59Z,(see SITE_URL secret),up,HTTP 200,
2026-06-24T03:44:32Z,(see SITE_URL secret),up,HTTP 200,
2026-06-24T05:18:21Z,(see SITE_URL secret),up,HTTP 200,
2026-06-24T06:45:52Z,(see SITE_URL secret),up,HTTP 200,
2026-06-24T08:08:04Z,(see SITE_URL secret),up,HTTP 200,
2026-06-24T09:43:49Z,(see SITE_URL secret),up,HTTP 200,
2026-06-24T11:00:07Z,(see SITE_URL secret),up,HTTP 200,
2026-06-24T12:15:53Z,(see SITE_URL secret),up,HTTP 200,
2026-06-24T13:15:50Z,(see SITE_URL secret),up,HTTP 200,
2026-06-24T14:16:18Z,(see SITE_URL secret),up,HTTP 200,
2026-06-24T15:23:06Z,(see SITE_URL secret),up,HTTP 200,
2026-06-24T16:15:40Z,(see SITE_URL secret),up,HTTP 200,
2026-06-24T17:12:04Z,(see SITE_URL secret),up,HTTP 200,
2026-06-24T18:07:32Z,(see SITE_URL secret),up,HTTP 200,
2026-06-24T19:03:32Z,(see SITE_URL secret),up,HTTP 200,
2026-06-24T20:07:43Z,(see SITE_URL secret),up,HTTP 200,
2026-06-24T21:02:37Z,(see SITE_URL secret),up,HTTP 200,
2026-06-24T21:57:04Z,(see SITE_URL secret),up,HTTP 200,
2026-06-24T22:32:16Z,(see SITE_URL secret),up,HTTP 200,
2026-06-24T23:24:15Z,(see SITE_URL secret),up,HTTP 200,
2026-06-24T23:50:46Z,(see SITE_URL secret),up,HTTP 200,
2026-06-25T00:33:59Z,(see SITE_URL secret),up,HTTP 200,
2026-06-25T01:40:06Z,(see SITE_URL secret),up,HTTP 200,
2026-06-25T03:03:39Z,(see SITE_URL secret),up,HTTP 200,
2026-06-25T04:51:43Z,(see SITE_URL secret),up,HTTP 200,
2026-06-25T06:22:13Z,(see SITE_URL secret),up,HTTP 200,
2026-06-25T07:44:36Z,(see SITE_URL secret),up,HTTP 200,
2026-06-25T09:03:12Z,(see SITE_URL secret),up,HTTP 200,
2026-06-25T10:25:59Z,(see SITE_URL secret),up,HTTP 200,
2026-06-25T11:23:46Z,(see SITE_URL secret),up,HTTP 200,
2026-06-25T12:15:37Z,(see SITE_URL secret),up,HTTP 200,
2026-06-25T13:15:08Z,(see SITE_URL secret),up,HTTP 200,
2026-06-25T14:15:47Z,(see SITE_URL secret),up,HTTP 200,
2026-06-25T15:27:25Z,(see SITE_URL secret),up,HTTP 200,
2026-06-25T16:19:21Z,(see SITE_URL secret),up,HTTP 200,
2026-06-25T17:13:53Z,(see SITE_URL secret),up,HTTP 200,
2026-06-25T18:14:10Z,(see SITE_URL secret),up,HTTP 200,
2026-06-25T19:14:18Z,(see SITE_URL secret),up,HTTP 200,
2026-06-25T20:13:37Z,(see SITE_URL secret),up,HTTP 200,
2026-06-25T21:04:36Z,(see SITE_URL secret),up,HTTP 200,
2026-06-25T22:00:59Z,(see SITE_URL secret),up,HTTP 200,
2026-06-25T22:58:07Z,(see SITE_URL secret),up,HTTP 200,
2026-06-25T23:36:12Z,(see SITE_URL secret),up,HTTP 200,
2026-06-26T00:35:09Z,(see SITE_URL secret),up,HTTP 200,
2026-06-26T01:41:31Z,(see SITE_URL secret),up,HTTP 200,
2026-06-26T03:04:23Z,(see SITE_URL secret),up,HTTP 200,
2026-06-26T04:54:39Z,(see SITE_URL secret),up,HTTP 200,
2026-06-26T06:22:54Z,(see SITE_URL secret),up,HTTP 200,
2026-06-26T07:45:54Z,(see SITE_URL secret),up,HTTP 200,
2026-06-26T09:03:08Z,(see SITE_URL secret),up,HTTP 200,
2026-06-26T10:32:13Z,(see SITE_URL secret),up,HTTP 200,
2026-06-26T11:51:17Z,(see SITE_URL secret),up,HTTP 200,
2026-06-26T12:39:43Z,(see SITE_URL secret),up,HTTP 200,
2026-06-26T13:38:54Z,(see SITE_URL secret),up,HTTP 200,
2026-06-26T14:52:28Z,(see SITE_URL secret),up,HTTP 200,
2026-06-26T15:44:38Z,(see SITE_URL secret),up,HTTP 200,
2026-06-26T16:38:21Z,(see SITE_URL secret),up,HTTP 200,
2026-06-26T17:32:54Z,(see SITE_URL secret),up,HTTP 200,
2026-06-26T18:34:03Z,(see SITE_URL secret),up,HTTP 200,
2026-06-26T19:31:50Z,(see SITE_URL secret),up,HTTP 200,
2026-06-26T20:32:40Z,(see SITE_URL secret),up,HTTP 200,
2026-06-26T21:27:54Z,(see SITE_URL secret),up,HTTP 200,
2026-06-26T21:54:14Z,(see SITE_URL secret),up,HTTP 200,
2026-06-26T22:24:56Z,(see SITE_URL secret),up,HTTP 200,
2026-06-26T22:51:24Z,(see SITE_URL secret),up,HTTP 200,
2026-06-26T23:24:46Z,(see SITE_URL secret),up,HTTP 200,
2026-06-26T23:49:01Z,(see SITE_URL secret),up,HTTP 200,
2026-06-27T00:32:45Z,(see SITE_URL secret),up,HTTP 200,
2026-06-27T01:37:33Z,(see SITE_URL secret),up,HTTP 200,
2026-06-27T03:03:10Z,(see SITE_URL secret),up,HTTP 200,
2026-06-27T04:46:00Z,(see SITE_URL secret),up,HTTP 200,
2026-06-27T06:10:58Z,(see SITE_URL secret),up,HTTP 200,
2026-06-27T07:31:40Z,(see SITE_URL secret),up,HTTP 200,
2026-06-27T08:53:10Z,(see SITE_URL secret),up,HTTP 200,
2026-06-27T09:41:48Z,(see SITE_URL secret),up,HTTP 200,
2026-06-27T10:38:12Z,(see SITE_URL secret),up,HTTP 200,
2026-06-27T11:29:54Z,(see SITE_URL secret),up,HTTP 200,
2026-06-27T12:00:49Z,(see SITE_URL secret),up,HTTP 200,
2026-06-27T12:54:21Z,(see SITE_URL secret),up,HTTP 200,
2026-06-27T13:31:02Z,(see SITE_URL secret),up,HTTP 200,
2026-06-27T14:30:44Z,(see SITE_URL secret),up,HTTP 200,
2026-06-27T15:26:08Z,(see SITE_URL secret),up,HTTP 200,
2026-06-27T15:53:01Z,(see SITE_URL secret),up,HTTP 200,
2026-06-27T16:22:55Z,(see SITE_URL secret),up,HTTP 200,
2026-06-27T16:49:25Z,(see SITE_URL secret),up,HTTP 200,
2026-06-27T17:23:24Z,(see SITE_URL secret),up,HTTP 200,
2026-06-27T17:49:02Z,(see SITE_URL secret),up,HTTP 200,
2026-06-27T18:22:49Z,(see SITE_URL secret),up,HTTP 200,
2026-06-27T18:51:39Z,(see SITE_URL secret),up,HTTP 200,
2026-06-27T19:29:17Z,(see SITE_URL secret),up,HTTP 200,
2026-06-27T19:58:01Z,(see SITE_URL secret),up,HTTP 200,
2026-06-27T20:32:10Z,(see SITE_URL secret),up,HTTP 200,
2026-06-27T21:22:21Z,(see SITE_URL secret),up,HTTP 200,
2026-06-27T21:47:56Z,(see SITE_URL secret),up,HTTP 200,
2026-06-27T22:21:02Z,(see SITE_URL secret),up,HTTP 200,
2026-06-27T22:47:18Z,(see SITE_URL secret),up,HTTP 200,
2026-06-27T23:21:19Z,(see SITE_URL secret),up,HTTP 200,
2026-06-27T23:47:25Z,(see SITE_URL secret),up,HTTP 200,
2026-06-28T00:32:19Z,(see SITE_URL secret),up,HTTP 200,
2026-06-28T01:40:52Z,(see SITE_URL secret),up,HTTP 200,
2026-06-28T03:04:24Z,(see SITE_URL secret),up,HTTP 200,
2026-06-28T05:00:21Z,(see SITE_URL secret),up,HTTP 200,
2026-06-28T06:47:12Z,(see SITE_URL secret),up,HTTP 200,
2026-06-28T08:07:07Z,(see SITE_URL secret),up,HTTP 200,
2026-06-28T09:34:46Z,(see SITE_URL secret),up,HTTP 200,
2026-06-28T10:43:05Z,(see SITE_URL secret),up,HTTP 200,
2026-06-28T11:32:42Z,(see SITE_URL secret),up,HTTP 200,
2026-06-28T12:25:26Z,(see SITE_URL secret),up,HTTP 200,
2026-06-28T12:59:02Z,(see SITE_URL secret),up,HTTP 200,
2026-06-28T13:38:34Z,(see SITE_URL secret),up,HTTP 200,
2026-06-28T14:33:11Z,(see SITE_URL secret),up,HTTP 200,
2026-06-28T15:27:08Z,(see SITE_URL secret),up,HTTP 200,
2026-06-28T15:56:06Z,(see SITE_URL secret),up,HTTP 200,
2026-06-28T16:28:14Z,(see SITE_URL secret),up,HTTP 200,
2026-06-28T16:52:35Z,(see SITE_URL secret),up,HTTP 200,
2026-06-28T17:25:23Z,(see SITE_URL secret),up,HTTP 200,
2026-06-28T17:51:17Z,(see SITE_URL secret),up,HTTP 200,
2026-06-28T18:22:46Z,(see SITE_URL secret),up,HTTP 200,
2026-06-28T18:51:32Z,(see SITE_URL secret),up,HTTP 200,
2026-06-28T19:29:27Z,(see SITE_URL secret),up,HTTP 200,
2026-06-28T19:59:16Z,(see SITE_URL secret),up,HTTP 200,
2026-06-28T20:35:04Z,(see SITE_URL secret),up,HTTP 200,
2026-06-28T21:22:22Z,(see SITE_URL secret),up,HTTP 200,
2026-06-28T21:48:13Z,(see SITE_URL secret),up,HTTP 200,
2026-06-28T22:20:51Z,(see SITE_URL secret),up,HTTP 200,
2026-06-28T22:47:22Z,(see SITE_URL secret),up,HTTP 200,
2026-06-28T23:22:03Z,(see SITE_URL secret),up,HTTP 200,
2026-06-28T23:50:18Z,(see SITE_URL secret),up,HTTP 200,
2026-06-29T00:33:44Z,(see SITE_URL secret),up,HTTP 200,
2026-06-29T01:42:42Z,(see SITE_URL secret),up,HTTP 200,
2026-06-29T03:04:59Z,(see SITE_URL secret),up,HTTP 200,
2026-06-29T05:03:46Z,(see SITE_URL secret),up,HTTP 200,
2026-06-29T07:05:53Z,(see SITE_URL secret),up,HTTP 200,
2026-06-29T09:07:27Z,(see SITE_URL secret),up,HTTP 200,
2026-06-29T11:13:42Z,(see SITE_URL secret),up,HTTP 200,
2026-06-29T12:50:20Z,(see SITE_URL secret),up,HTTP 200,
2026-06-29T14:22:16Z,(see SITE_URL secret),up,HTTP 200,
2026-06-29T15:45:23Z,(see SITE_URL secret),up,HTTP 200,
2026-06-29T16:58:56Z,(see SITE_URL secret),up,HTTP 200,
2026-06-29T17:54:59Z,(see SITE_URL secret),up,HTTP 200,
2026-06-29T18:38:29Z,(see SITE_URL secret),up,HTTP 200,
2026-06-29T19:32:38Z,(see SITE_URL secret),up,HTTP 200,
2026-06-29T20:35:26Z,(see SITE_URL secret),up,HTTP 200,
2026-06-29T21:30:01Z,(see SITE_URL secret),up,HTTP 200,
2026-06-29T22:22:36Z,(see SITE_URL secret),up,HTTP 200,
2026-06-29T22:46:30Z,(see SITE_URL secret),up,HTTP 200,
2026-06-29T23:20:49Z,(see SITE_URL secret),up,HTTP 200,
2026-06-29T23:47:19Z,(see SITE_URL secret),up,HTTP 200,
2026-06-30T00:32:53Z,(see SITE_URL secret),up,HTTP 200,
2026-06-30T01:39:38Z,(see SITE_URL secret),up,HTTP 200,
2026-06-30T03:03:53Z,(see SITE_URL secret),up,HTTP 200,
2026-06-30T04:51:28Z,(see SITE_URL secret),up,HTTP 200,
2026-06-30T06:25:23Z,(see SITE_URL secret),up,HTTP 200,
2026-06-30T07:46:33Z,(see SITE_URL secret),up,HTTP 200,
2026-06-30T09:03:54Z,(see SITE_URL secret),up,HTTP 200,
2026-06-30T10:37:13Z,(see SITE_URL secret),up,HTTP 200,
2026-06-30T11:51:34Z,(see SITE_URL secret),up,HTTP 200,
2026-06-30T12:37:40Z,(see SITE_URL secret),up,HTTP 200,
2026-06-30T13:34:18Z,(see SITE_URL secret),up,HTTP 200,
2026-06-30T14:50:26Z,(see SITE_URL secret),up,HTTP 200,
2026-06-30T15:48:51Z,(see SITE_URL secret),up,HTTP 200,
2026-06-30T16:42:16Z,(see SITE_URL secret),up,HTTP 200,
2026-06-30T17:34:02Z,(see SITE_URL secret),up,HTTP 200,
2026-06-30T18:33:28Z,(see SITE_URL secret),up,HTTP 200,
2026-06-30T19:33:10Z,(see SITE_URL secret),up,HTTP 200,
2026-06-30T20:36:12Z,(see SITE_URL secret),up,HTTP 200,
2026-06-30T21:30:33Z,(see SITE_URL secret),up,HTTP 200,
2026-06-30T22:25:54Z,(see SITE_URL secret),up,HTTP 200,
2026-06-30T22:55:13Z,(see SITE_URL secret),up,HTTP 200,
2026-06-30T23:27:12Z,(see SITE_URL secret),up,HTTP 200,
2026-06-30T23:53:10Z,(see SITE_URL secret),up,HTTP 200,
2026-07-01T00:39:11Z,(see SITE_URL secret),up,HTTP 200,
2026-07-01T01:44:10Z,(see SITE_URL secret),up,HTTP 200,
2026-07-01T03:04:29Z,(see SITE_URL secret),up,HTTP 200,
2026-07-01T05:01:18Z,(see SITE_URL secret),up,HTTP 200,
2026-07-01T06:54:34Z,(see SITE_URL secret),up,HTTP 200,
2026-07-01T08:23:41Z,(see SITE_URL secret),up,HTTP 200,
2026-07-01T09:44:55Z,(see SITE_URL secret),up,HTTP 200,
2026-07-01T11:03:31Z,(see SITE_URL secret),up,HTTP 200,
2026-07-01T12:22:09Z,(see SITE_URL secret),up,HTTP 200,
2026-07-01T13:23:08Z,(see SITE_URL secret),up,HTTP 200,
2026-07-01T14:16:22Z,(see SITE_URL secret),up,HTTP 200,
2026-07-01T15:24:06Z,(see SITE_URL secret),up,HTTP 200,
2026-07-01T16:16:37Z,(see SITE_URL secret),up,HTTP 200,
2026-07-01T17:14:36Z,(see SITE_URL secret),up,HTTP 200,
2026-07-01T18:09:53Z,(see SITE_URL secret),up,HTTP 200,
2026-07-01T19:08:59Z,(see SITE_URL secret),up,HTTP 200,
2026-07-01T20:09:26Z,(see SITE_URL secret),up,HTTP 200,
2026-07-01T21:00:59Z,(see SITE_URL secret),up,HTTP 200,
2026-07-01T21:59:55Z,(see SITE_URL secret),up,HTTP 200,
2026-07-01T22:36:58Z,(see SITE_URL secret),up,HTTP 200,
2026-07-01T23:28:00Z,(see SITE_URL secret),up,HTTP 200,
2026-07-01T23:56:27Z,(see SITE_URL secret),up,HTTP 200,
2026-07-02T00:51:51Z,(see SITE_URL secret),up,HTTP 200,
2026-07-02T01:39:47Z,(see SITE_URL secret),up,HTTP 200,
2026-07-02T05:50:45Z,(see SITE_URL secret),up,HTTP 200,
2026-07-02T08:43:00Z,(see SITE_URL secret),up,HTTP 200,
2026-07-02T11:26:59Z,(see SITE_URL secret),up,HTTP 200,
2026-07-02T13:15:24Z,(see SITE_URL secret),up,HTTP 200,
2026-07-02T15:37:56Z,(see SITE_URL secret),up,HTTP 200,
2026-07-02T17:28:05Z,(see SITE_URL secret),up,HTTP 200,
2026-07-02T18:57:12Z,(see SITE_URL secret),up,HTTP 200,
2026-07-02T20:16:55Z,(see SITE_URL secret),up,HTTP 200,
2026-07-02T21:40:57Z,(see SITE_URL secret),up,HTTP 200,
2026-07-02T22:57:14Z,(see SITE_URL secret),up,HTTP 200,
2026-07-03T00:03:24Z,(see SITE_URL secret),up,HTTP 200,
2026-07-03T04:23:32Z,(see SITE_URL secret),up,HTTP 200,
2026-07-03T07:44:26Z,(see SITE_URL secret),up,HTTP 200,
2026-07-03T10:26:56Z,(see SITE_URL secret),up,HTTP 200,
2026-07-03T12:24:21Z,(see SITE_URL secret),up,HTTP 200,
2026-07-03T14:37:46Z,(see SITE_URL secret),up,HTTP 200,
2026-07-03T16:19:19Z,(see SITE_URL secret),up,HTTP 200,
2026-07-03T17:54:34Z,(see SITE_URL secret),up,HTTP 200,
2026-07-03T19:03:54Z,(see SITE_URL secret),up,HTTP 200,
2026-07-03T20:35:46Z,(see SITE_URL secret),up,HTTP 200,
2026-07-03T21:57:56Z,(see SITE_URL secret),up,HTTP 200,
2026-07-03T23:02:54Z,(see SITE_URL secret),up,HTTP 200,
2026-07-04T01:04:58Z,(see SITE_URL secret),up,HTTP 200,
2026-07-04T05:01:44Z,(see SITE_URL secret),up,HTTP 200,
2026-07-04T08:07:57Z,(see SITE_URL secret),up,HTTP 200,
2026-07-04T10:30:20Z,(see SITE_URL secret),up,HTTP 200,
2026-07-04T12:01:30Z,(see SITE_URL secret),up,HTTP 200,
2026-07-04T14:06:19Z,(see SITE_URL secret),up,HTTP 200,
2026-07-04T15:38:52Z,(see SITE_URL secret),up,HTTP 200,
2026-07-04T16:54:48Z,(see SITE_URL secret),up,HTTP 200,
2026-07-04T17:57:13Z,(see SITE_URL secret),up,HTTP 200,
2026-07-04T19:07:50Z,(see SITE_URL secret),up,HTTP 200,
2026-07-04T20:27:09Z,(see SITE_URL secret),up,HTTP 200,
2026-07-04T21:26:26Z,(see SITE_URL secret),up,HTTP 200,
2026-07-04T22:26:00Z,(see SITE_URL secret),up,HTTP 200,
2026-07-04T23:29:10Z,(see SITE_URL secret),up,HTTP 200,
2026-07-05T01:15:45Z,(see SITE_URL secret),up,HTTP 200,
2026-07-05T05:30:02Z,(see SITE_URL secret),up,HTTP 200,
2026-07-05T08:41:29Z,(see SITE_URL secret),up,HTTP 200,
2026-07-05T10:59:14Z,(see SITE_URL secret),up,HTTP 200,
2026-07-05T12:18:06Z,(see SITE_URL secret),up,HTTP 200,
2026-07-05T14:14:29Z,(see SITE_URL secret),up,HTTP 200,
2026-07-05T15:43:33Z,(see SITE_URL secret),up,HTTP 200,
2026-07-05T16:57:22Z,(see SITE_URL secret),up,HTTP 200,
2026-07-05T18:00:49Z,(see SITE_URL secret),up,HTTP 200,
2026-07-05T19:48:16Z,(see SITE_URL secret),up,HTTP 200,
2026-07-05T20:48:40Z,(see SITE_URL secret),up,HTTP 200,
2026-07-05T21:53:21Z,(see SITE_URL secret),up,HTTP 200,
2026-07-05T22:53:58Z,(see SITE_URL secret),up,HTTP 200,
2026-07-05T23:58:48Z,(see SITE_URL secret),up,HTTP 200,
2026-07-06T03:42:45Z,(see SITE_URL secret),up,HTTP 200,
2026-07-06T08:11:18Z,(see SITE_URL secret),up,HTTP 200,
2026-07-06T12:21:22Z,(see SITE_URL secret),up,HTTP 200,
2026-07-06T15:58:03Z,(see SITE_URL secret),up,HTTP 200,
2026-07-06T18:10:50Z,(see SITE_URL secret),up,HTTP 200,
2026-07-06T20:19:57Z,(see SITE_URL secret),up,HTTP 200,
2026-07-06T21:52:22Z,(see SITE_URL secret),up,HTTP 200,
2026-07-06T22:58:56Z,(see SITE_URL secret),up,HTTP 200,
2026-07-07T00:09:22Z,(see SITE_URL secret),up,HTTP 200,
2026-07-07T04:29:57Z,(see SITE_URL secret),up,HTTP 200,
2026-07-07T07:59:18Z,(see SITE_URL secret),up,HTTP 200,
2026-07-07T11:10:41Z,(see SITE_URL secret),up,HTTP 200,
2026-07-07T13:30:43Z,(see SITE_URL secret),up,HTTP 200,
2026-07-07T16:19:39Z,(see SITE_URL secret),up,HTTP 200,
2026-07-07T18:25:51Z,(see SITE_URL secret),up,HTTP 200,
2026-07-07T20:22:22Z,(see SITE_URL secret),up,HTTP 200,
2026-07-07T21:49:49Z,(see SITE_URL secret),up,HTTP 200,
2026-07-07T22:52:09Z,(see SITE_URL secret),up,HTTP 200,
2026-07-07T23:49:23Z,(see SITE_URL secret),up,HTTP 200,
2026-07-08T01:52:18Z,(see SITE_URL secret),up,HTTP 200,
2026-07-08T05:13:33Z,(see SITE_URL secret),up,HTTP 200,
2026-07-08T07:43:51Z,(see SITE_URL secret),up,HTTP 200,
2026-07-08T10:08:29Z,(see SITE_URL secret),up,HTTP 200,
2026-07-08T12:00:24Z,(see SITE_URL secret),up,HTTP 200,
2026-07-08T14:53:12Z,(see SITE_URL secret),up,HTTP 200,
2026-07-08T16:25:01Z,(see SITE_URL secret),up,HTTP 200,
2026-07-08T17:56:17Z,(see SITE_URL secret),up,HTTP 200,
2026-07-08T19:17:05Z,(see SITE_URL secret),up,HTTP 200,
2026-07-08T20:41:02Z,(see SITE_URL secret),up,HTTP 200,
2026-07-08T21:59:01Z,(see SITE_URL secret),up,HTTP 200,
2026-07-08T23:09:56Z,(see SITE_URL secret),up,HTTP 200,
2026-07-09T01:07:46Z,(see SITE_URL secret),up,HTTP 200,
2026-07-09T05:29:39Z,(see SITE_URL secret),up,HTTP 200,
2026-07-09T08:51:16Z,(see SITE_URL secret),up,HTTP 200,
2026-07-09T11:46:22Z,(see SITE_URL secret),up,HTTP 200,
2026-07-09T14:33:57Z,(see SITE_URL secret),up,HTTP 200,
2026-07-09T17:12:48Z,(see SITE_URL secret),up,HTTP 200,
2026-07-09T19:05:39Z,(see SITE_URL secret),up,HTTP 200,
2026-07-09T21:00:22Z,(see SITE_URL secret),up,HTTP 200,
2026-07-09T22:47:14Z,(see SITE_URL secret),up,HTTP 200,
2026-07-09T23:58:17Z,(see SITE_URL secret),up,HTTP 200,
2026-07-10T03:21:26Z,(see SITE_URL secret),up,HTTP 200,
2026-07-10T06:59:02Z,(see SITE_URL secret),up,HTTP 200,
2026-07-10T10:24:32Z,(see SITE_URL secret),up,HTTP 200,
2026-07-10T12:39:09Z,(see SITE_URL secret),up,HTTP 200,
2026-07-10T15:26:47Z,(see SITE_URL secret),up,HTTP 200,
2026-07-10T17:16:35Z,(see SITE_URL secret),up,HTTP 200,
2026-07-10T18:55:02Z,(see SITE_URL secret),up,HTTP 200,
2026-07-10T20:15:01Z,(see SITE_URL secret),up,HTTP 200,
2026-07-10T21:32:11Z,(see SITE_URL secret),up,HTTP 200,
2026-07-10T22:52:18Z,(see SITE_URL secret),up,HTTP 200,
2026-07-10T23:50:59Z,(see SITE_URL secret),up,HTTP 200,
2026-07-11T01:51:00Z,(see SITE_URL secret),up,HTTP 200,
2026-07-11T04:56:09Z,(see SITE_URL secret),up,HTTP 200,
2026-07-11T07:07:45Z,(see SITE_URL secret),up,HTTP 200,
2026-07-11T09:04:37Z,(see SITE_URL secret),up,HTTP 200,
2026-07-11T10:38:47Z,(see SITE_URL secret),up,HTTP 200,
2026-07-11T11:45:00Z,(see SITE_URL secret),up,HTTP 200,
2026-07-11T12:58:06Z,(see SITE_URL secret),up,HTTP 200,
2026-07-11T14:22:03Z,(see SITE_URL secret),up,HTTP 200,
2026-07-11T15:28:10Z,(see SITE_URL secret),up,HTTP 200,
2026-07-11T16:24:32Z,(see SITE_URL secret),up,HTTP 200,
2026-07-11T17:27:54Z,(see SITE_URL secret),up,HTTP 200,
2026-07-11T18:25:29Z,(see SITE_URL secret),up,HTTP 200,
2026-07-11T19:39:12Z,(see SITE_URL secret),up,HTTP 200,
2026-07-11T20:38:57Z,(see SITE_URL secret),up,HTTP 200,
2026-07-11T21:40:20Z,(see SITE_URL secret),up,HTTP 200,
2026-07-11T22:38:25Z,(see SITE_URL secret),up,HTTP 200,
2026-07-11T23:44:34Z,(see SITE_URL secret),up,HTTP 200,
2026-07-12T01:53:17Z,(see SITE_URL secret),up,HTTP 200,
2026-07-12T05:19:17Z,(see SITE_URL secret),up,HTTP 200,
2026-07-12T07:39:25Z,(see SITE_URL secret),up,HTTP 200,
2026-07-12T09:43:44Z,(see SITE_URL secret),up,HTTP 200,
2026-07-12T11:05:28Z,(see SITE_URL secret),up,HTTP 200,
2026-07-12T12:11:46Z,(see SITE_URL secret),up,HTTP 200,
2026-07-12T14:01:03Z,(see SITE_URL secret),up,HTTP 200,
2026-07-12T15:31:28Z,(see SITE_URL secret),up,HTTP 200,
2026-07-12T16:48:19Z,(see SITE_URL secret),up,HTTP 200,
2026-07-12T17:52:11Z,(see SITE_URL secret),up,HTTP 200,
2026-07-12T18:52:47Z,(see SITE_URL secret),up,HTTP 200,
2026-07-12T20:02:11Z,(see SITE_URL secret),up,HTTP 200,
2026-07-12T21:11:57Z,(see SITE_URL secret),up,HTTP 200,
2026-07-12T22:12:32Z,(see SITE_URL secret),up,HTTP 200,
2026-07-12T23:14:12Z,(see SITE_URL secret),up,HTTP 200,
2026-07-13T00:59:32Z,(see SITE_URL secret),up,HTTP 200,
2026-07-13T04:31:36Z,(see SITE_URL secret),up,HTTP 200,
2026-07-13T08:10:07Z,(see SITE_URL secret),up,HTTP 200,
2026-07-13T11:35:04Z,(see SITE_URL secret),up,HTTP 200,
2026-07-13T14:09:02Z,(see SITE_URL secret),up,HTTP 200,
2026-07-13T16:45:05Z,(see SITE_URL secret),up,HTTP 200,
2026-07-13T18:26:28Z,(see SITE_URL secret),up,HTTP 200,
2026-07-13T19:56:27Z,(see SITE_URL secret),up,HTTP 200,
2026-07-13T20:53:21Z,(see SITE_URL secret),up,HTTP 200,
2026-07-13T21:46:12Z,(see SITE_URL secret),up,HTTP 200,
2026-07-13T22:46:16Z,(see SITE_URL secret),up,HTTP 200,
2026-07-13T23:43:55Z,(see SITE_URL secret),up,HTTP 200,
2026-07-14T01:43:11Z,(see SITE_URL secret),up,HTTP 200,
2026-07-14T04:42:34Z,(see SITE_URL secret),up,HTTP 200,
2026-07-14T07:04:25Z,(see SITE_URL secret),up,HTTP 200,
2026-07-14T09:21:29Z,(see SITE_URL secret),up,HTTP 200,
2026-07-14T11:02:03Z,(see SITE_URL secret),up,HTTP 200,
2026-07-14T12:44:41Z,(see SITE_URL secret),up,HTTP 200,
2026-07-14T14:42:23Z,(see SITE_URL secret),up,HTTP 200,
2026-07-14T16:08:09Z,(see SITE_URL secret),up,HTTP 200,
2026-07-14T17:37:52Z,(see SITE_URL secret),up,HTTP 200,
2026-07-14T19:04:20Z,(see SITE_URL secret),up,HTTP 200,
2026-07-14T20:35:01Z,(see SITE_URL secret),up,HTTP 200,
2026-07-14T21:48:51Z,(see SITE_URL secret),up,HTTP 200,
2026-07-14T22:48:31Z,(see SITE_URL secret),up,HTTP 200,
2026-07-14T23:42:50Z,(see SITE_URL secret),up,HTTP 200,
2026-07-15T01:29:01Z,(see SITE_URL secret),up,HTTP 200,
2026-07-15T04:27:49Z,(see SITE_URL secret),up,HTTP 200,
2026-07-15T06:35:14Z,(see SITE_URL secret),up,HTTP 200,
2026-07-15T09:05:10Z,(see SITE_URL secret),up,HTTP 200,
2026-07-15T11:06:21Z,(see SITE_URL secret),up,HTTP 200,
2026-07-15T12:48:22Z,(see SITE_URL secret),up,HTTP 200,
2026-07-15T14:42:01Z,(see SITE_URL secret),up,HTTP 200,
2026-07-15T16:13:39Z,(see SITE_URL secret),up,HTTP 200,
2026-07-15T17:43:27Z,(see SITE_URL secret),up,HTTP 200,
2026-07-15T18:56:45Z,(see SITE_URL secret),up,HTTP 200,
2026-07-15T20:05:00Z,(see SITE_URL secret),up,HTTP 200,
2026-07-15T21:27:41Z,(see SITE_URL secret),up,HTTP 200,
2026-07-15T22:28:50Z,(see SITE_URL secret),up,HTTP 200,
2026-07-15T23:29:00Z,(see SITE_URL secret),up,HTTP 200,
2026-07-16T00:56:17Z,(see SITE_URL secret),up,HTTP 200,
2026-07-16T03:57:26Z,(see SITE_URL secret),up,HTTP 200,
2026-07-16T06:15:37Z,(see SITE_URL secret),up,HTTP 200,
2026-07-16T08:38:42Z,(see SITE_URL secret),up,HTTP 200,
2026-07-16T10:50:00Z,(see SITE_URL secret),up,HTTP 200,
2026-07-16T12:14:22Z,(see SITE_URL secret),up,HTTP 200,
2026-07-16T14:30:26Z,(see SITE_URL secret),up,HTTP 200,
2026-07-16T16:10:13Z,(see SITE_URL secret),up,HTTP 200,
2026-07-16T17:44:02Z,(see SITE_URL secret),up,HTTP 200,
2026-07-16T18:57:25Z,(see SITE_URL secret),up,HTTP 200,
2026-07-16T20:01:15Z,(see SITE_URL secret),up,HTTP 200,
2026-07-16T21:29:50Z,(see SITE_URL secret),up,HTTP 200,
2026-07-16T22:29:39Z,(see SITE_URL secret),up,HTTP 200,
2026-07-16T23:26:16Z,(see SITE_URL secret),up,HTTP 200,
2026-07-17T00:57:59Z,(see SITE_URL secret),up,HTTP 200,
2026-07-17T04:05:35Z,(see SITE_URL secret),up,HTTP 200,
2026-07-17T06:34:12Z,(see SITE_URL secret),up,HTTP 200,
2026-07-17T09:03:14Z,(see SITE_URL secret),up,HTTP 200,
2026-07-17T11:02:38Z,(see SITE_URL secret),up,HTTP 200,
2026-07-17T12:39:48Z,(see SITE_URL secret),up,HTTP 200,
2026-07-17T14:25:27Z,(see SITE_URL secret),up,HTTP 200,
2026-07-17T15:53:04Z,(see SITE_URL secret),up,HTTP 200,
2026-07-17T17:01:28Z,(see SITE_URL secret),up,HTTP 200,
2026-07-17T18:31:28Z,(see SITE_URL secret),up,HTTP 200,
2026-07-17T19:59:17Z,(see SITE_URL secret),up,HTTP 200,
2026-07-17T20:58:58Z,(see SITE_URL secret),up,HTTP 200,
2026-07-17T21:54:57Z,(see SITE_URL secret),up,HTTP 200,
2026-07-17T22:39:51Z,(see SITE_URL secret),up,HTTP 200,
2026-07-17T23:43:31Z,(see SITE_URL secret),up,HTTP 200,
2026-07-18T01:43:09Z,(see SITE_URL secret),up,HTTP 200,
2026-07-18T04:40:38Z,(see SITE_URL secret),up,HTTP 200,
2026-07-18T06:54:12Z,(see SITE_URL secret),up,HTTP 200,
2026-07-18T08:43:24Z,(see SITE_URL secret),up,HTTP 200,
2026-07-18T10:10:47Z,(see SITE_URL secret),up,HTTP 200,
2026-07-18T11:27:30Z,(see SITE_URL secret),up,HTTP 200,
2026-07-18T12:11:32Z,(see SITE_URL secret),up,HTTP 200,
2026-07-18T13:54:49Z,(see SITE_URL secret),up,HTTP 200,
2026-07-18T14:43:44Z,(see SITE_URL secret),up,HTTP 200,
2026-07-18T15:45:25Z,(see SITE_URL secret),up,HTTP 200,
2026-07-18T16:44:55Z,(see SITE_URL secret),up,HTTP 200,
2026-07-18T17:48:34Z,(see SITE_URL secret),up,HTTP 200,
2026-07-18T18:49:45Z,(see SITE_URL secret),up,HTTP 200,
2026-07-18T19:59:10Z,(see SITE_URL secret),up,HTTP 200,
2026-07-18T20:52:44Z,(see SITE_URL secret),up,HTTP 200,
2026-07-18T21:41:12Z,(see SITE_URL secret),up,HTTP 200,
2026-07-18T22:39:38Z,(see SITE_URL secret),up,HTTP 200,
2026-07-18T23:43:31Z,(see SITE_URL secret),up,HTTP 200,
2026-07-19T01:51:21Z,(see SITE_URL secret),up,HTTP 200,
2026-07-19T05:13:40Z,(see SITE_URL secret),up,HTTP 200,
2026-07-19T07:37:50Z,(see SITE_URL secret),up,HTTP 200,
2026-07-19T09:44:55Z,(see SITE_URL secret),up,HTTP 200,
2026-07-19T11:05:00Z,(see SITE_URL secret),up,HTTP 200,
2026-07-19T12:10:59Z,(see SITE_URL secret),up,HTTP 200,
2026-07-19T13:58:48Z,(see SITE_URL secret),up,HTTP 200,
2026-07-19T14:57:02Z,(see SITE_URL secret),up,HTTP 200,
2026-07-19T15:54:41Z,(see SITE_URL secret),up,HTTP 200,
2026-07-19T16:46:25Z,(see SITE_URL secret),up,HTTP 200,
2026-07-19T17:50:42Z,(see SITE_URL secret),up,HTTP 200,
2026-07-19T18:53:02Z,(see SITE_URL secret),up,HTTP 200,
2026-07-19T20:03:07Z,(see SITE_URL secret),up,HTTP 200,
2026-07-19T21:12:12Z,(see SITE_URL secret),up,HTTP 200,
2026-07-19T22:14:02Z,(see SITE_URL secret),up,HTTP 200,
2026-07-19T23:24:56Z,(see SITE_URL secret),up,HTTP 200,
2026-07-20T01:00:39Z,(see SITE_URL secret),up,HTTP 200,
2026-07-20T04:59:26Z,(see SITE_URL secret),up,HTTP 200,
2026-07-20T11:04:36Z,https://www.ryanabrams.com,up,HTTP 200,122
2026-07-20T11:19:04Z,https://www.ryanabrams.com,up,HTTP 200,149
2026-07-20T13:22:46Z,https://www.ryanabrams.com,up,HTTP 200,143
2026-07-20T15:25:42Z,https://www.ryanabrams.com,up,HTTP 200,134
2026-07-20T16:52:07Z,https://www.ryanabrams.com,up,HTTP 200,222
2026-07-20T18:48:52Z,https://www.ryanabrams.com,up,HTTP 200,215
2026-07-20T20:15:51Z,https://www.ryanabrams.com,up,HTTP 200,112
2026-07-20T21:38:38Z,https://www.ryanabrams.com,up,HTTP 200,152
2026-07-20T22:48:47Z,https://www.ryanabrams.com,up,HTTP 200,133
2026-07-20T23:48:53Z,https://www.ryanabrams.com,up,HTTP 200,139
2026-07-21T01:51:22Z,https://www.ryanabrams.com,up,HTTP 200,168
2026-07-21T05:12:55Z,https://www.ryanabrams.com,up,HTTP 200,196
2026-07-21T07:44:48Z,https://www.ryanabrams.com,up,HTTP 200,173
2026-07-21T10:16:12Z,https://www.ryanabrams.com,up,HTTP 200,155
2026-07-21T12:06:20Z,https://www.ryanabrams.com,up,HTTP 200,297
2026-07-21T14:31:18Z,https://www.ryanabrams.com,up,HTTP 200,159
2026-07-21T16:16:37Z,https://www.ryanabrams.com,up,HTTP 200,179
2026-07-21T17:50:13Z,https://www.ryanabrams.com,up,HTTP 200,259
2026-07-21T19:05:22Z,https://www.ryanabrams.com,up,HTTP 200,62
2026-07-21T20:40:42Z,https://www.ryanabrams.com,up,HTTP 200,207
2026-07-21T21:56:40Z,https://www.ryanabrams.com,up,HTTP 200,201
2026-07-21T22:51:19Z,https://www.ryanabrams.com,up,HTTP 200,144
2026-07-21T23:49:32Z,https://www.ryanabrams.com,up,HTTP 200,154
2026-07-22T01:50:19Z,https://www.ryanabrams.com,up,HTTP 200,186
2026-07-22T05:11:37Z,https://www.ryanabrams.com,up,HTTP 200,130
2026-07-22T07:52:15Z,https://www.ryanabrams.com,up,HTTP 200,180
2026-07-22T10:16:26Z,https://www.ryanabrams.com,up,HTTP 200,84
2026-07-22T12:10:13Z,https://www.ryanabrams.com,up,HTTP 200,82
2026-07-22T14:31:46Z,https://www.ryanabrams.com,up,HTTP 200,311
2026-07-22T16:14:53Z,https://www.ryanabrams.com,up,HTTP 200,182
2026-07-22T17:47:09Z,https://www.ryanabrams.com,up,HTTP 200,211
2026-07-22T18:58:43Z,https://www.ryanabrams.com,up,HTTP 200,148
2026-07-22T20:11:49Z,https://www.ryanabrams.com,up,HTTP 200,139
2026-07-22T21:34:29Z,https://www.ryanabrams.com,up,HTTP 200,175
2026-07-22T22:54:07Z,https://www.ryanabrams.com,up,HTTP 200,797
2026-07-22T23:55:24Z,https://www.ryanabrams.com,up,HTTP 200,203
2026-07-23T02:01:31Z,https://www.ryanabrams.com,up,HTTP 200,203
2026-07-23T05:37:17Z,https://www.ryanabrams.com,up,HTTP 200,109
2026-07-23T08:13:36Z,https://www.ryanabrams.com,up,HTTP 200,164
2026-07-23T10:37:17Z,https://www.ryanabrams.com,up,HTTP 200,137
2026-07-23T12:19:26Z,https://www.ryanabrams.com,up,HTTP 200,194
2026-07-23T14:39:08Z,https://www.ryanabrams.com,up,HTTP 200,187
2026-07-23T16:20:18Z,https://www.ryanabrams.com,up,HTTP 200,199
2026-07-23T17:53:13Z,https://www.ryanabrams.com,up,HTTP 200,144
2026-07-23T19:00:58Z,https://www.ryanabrams.com,up,HTTP 200,217
2026-07-23T20:34:15Z,https://www.ryanabrams.com,up,HTTP 200,187
2026-07-23T21:57:41Z,https://www.ryanabrams.com,up,HTTP 200,121
2026-07-23T22:54:42Z,https://www.ryanabrams.com,up,HTTP 200,115
2026-07-23T23:53:22Z,https://www.ryanabrams.com,up,HTTP 200,144
2026-07-24T01:53:21Z,https://www.ryanabrams.com,up,HTTP 200,158
2026-07-24T05:13:34Z,https://www.ryanabrams.com,up,HTTP 200,162
2026-07-24T07:44:11Z,https://www.ryanabrams.com,up,HTTP 200,151
2026-07-24T10:08:20Z,https://www.ryanabrams.com,up,HTTP 200,113
2026-07-24T11:58:57Z,https://www.ryanabrams.com,up,HTTP 200,115
2026-07-24T13:47:41Z,https://www.ryanabrams.com,up,HTTP 200,124
2026-07-24T15:20:44Z,https://www.ryanabrams.com,up,HTTP 200,165
2026-07-24T17:01:16Z,https://www.ryanabrams.com,up,HTTP 200,128
2026-07-24T18:53:19Z,https://www.ryanabrams.com,up,HTTP 200,150
2026-07-24T20:11:34Z,https://www.ryanabrams.com,up,HTTP 200,180
2026-07-24T21:33:52Z,https://www.ryanabrams.com,up,HTTP 200,276
2026-07-24T22:54:05Z,https://www.ryanabrams.com,up,HTTP 200,140
2026-07-24T23:56:36Z,https://www.ryanabrams.com,up,HTTP 200,164
2026-07-25T02:11:47Z,https://www.ryanabrams.com,up,HTTP 200,116
2026-07-25T05:26:46Z,https://www.ryanabrams.com,up,HTTP 200,141
2026-07-25T07:31:30Z,https://www.ryanabrams.com,up,HTTP 200,238
2026-07-25T09:29:10Z,https://www.ryanabrams.com,up,HTTP 200,79
2026-07-25T10:52:32Z,https://www.ryanabrams.com,up,HTTP 200,147
2026-07-25T11:56:47Z,https://www.ryanabrams.com,up,HTTP 200,195
2026-07-25T13:15:41Z,https://www.ryanabrams.com,up,HTTP 200,140
2026-07-25T14:44:19Z,https://www.ryanabrams.com,up,HTTP 200,181
2026-07-25T15:57:42Z,https://www.ryanabrams.com,up,HTTP 200,168
2026-07-25T16:54:19Z,https://www.ryanabrams.com,up,HTTP 200,288
2026-07-25T17:52:04Z,https://www.ryanabrams.com,up,HTTP 200,149
2026-07-25T18:54:30Z,https://www.ryanabrams.com,up,HTTP 200,155
2026-07-25T20:06:40Z,https://www.ryanabrams.com,up,HTTP 200,247
2026-07-25T21:15:34Z,https://www.ryanabrams.com,up,HTTP 200,162
2026-07-25T22:23:42Z,https://www.ryanabrams.com,up,HTTP 200,146
2026-07-25T23:27:26Z,https://www.ryanabrams.com,up,HTTP 200,149
2026-07-26T01:05:54Z,https://www.ryanabrams.com,up,HTTP 200,183
2026-07-26T04:52:06Z,https://www.ryanabrams.com,up,HTTP 200,230
2026-07-26T07:30:48Z,https://www.ryanabrams.com,up,HTTP 200,163
2026-07-26T09:51:30Z,https://www.ryanabrams.com,up,HTTP 200,286
2026-07-26T11:13:46Z,https://www.ryanabrams.com,up,HTTP 200,223
2026-07-26T12:35:35Z,https://www.ryanabrams.com,up,HTTP 200,121
2026-07-26T14:24:21Z,https://www.ryanabrams.com,up,HTTP 200,157
2026-07-26T15:36:13Z,https://www.ryanabrams.com,up,HTTP 200,246
2026-07-26T16:49:38Z,https://www.ryanabrams.com,up,HTTP 200,73
2026-07-26T17:55:17Z,https://www.ryanabrams.com,up,HTTP 200,75
2026-07-26T18:59:03Z,https://www.ryanabrams.com,up,HTTP 200,197
2026-07-26T20:10:16Z,https://www.ryanabrams.com,up,HTTP 200,206
2026-07-26T21:24:19Z,https://www.ryanabrams.com,up,HTTP 200,85
2026-07-26T22:27:25Z,https://www.ryanabrams.com,up,HTTP 200,134
2026-07-26T23:28:05Z,https://www.ryanabrams.com,up,HTTP 200,228
2026-07-27T01:07:57Z,https://www.ryanabrams.com,up,HTTP 200,149
2026-07-27T05:03:42Z,https://www.ryanabrams.com,up,HTTP 200,195
2026-07-27T08:51:47Z,https://www.ryanabrams.com,up,HTTP 200,281
2026-07-27T12:12:33Z,https://www.ryanabrams.com,up,HTTP 200,167
2026-07-27T15:20:53Z,https://www.ryanabrams.com,up,HTTP 200,139
2026-07-27T17:15:21Z,https://www.ryanabrams.com,up,HTTP 200,137
2026-07-27T18:52:45Z,https://www.ryanabrams.com,up,HTTP 200,212
2026-07-27T20:14:37Z,https://www.ryanabrams.com,up,HTTP 200,173
2026-07-27T21:35:07Z,https://www.ryanabrams.com,up,HTTP 200,222
2026-07-27T22:53:05Z,https://www.ryanabrams.com,up,HTTP 200,101
2026-07-27T23:56:05Z,https://www.ryanabrams.com,up,HTTP 200,146
2026-07-28T01:58:37Z,https://www.ryanabrams.com,up,HTTP 200,107
2026-07-28T05:16:04Z,https://www.ryanabrams.com,up,HTTP 200,142
2026-07-28T07:57:38Z,https://www.ryanabrams.com,up,HTTP 200,373
2026-07-28T10:31:57Z,https://www.ryanabrams.com,up,HTTP 200,56
2026-07-28T12:48:28Z,https://www.ryanabrams.com,up,HTTP 200,151
2026-07-28T15:12:39Z,https://www.ryanabrams.com,up,HTTP 200,191
2026-07-28T16:55:41Z,https://www.ryanabrams.com,up,HTTP 200,146
2026-07-28T18:07:27Z,https://www.ryanabrams.com,up,HTTP 200,219
2026-07-28T19:57:56Z,https://www.ryanabrams.com,up,HTTP 200,206
2026-07-28T21:05:44Z,https://www.ryanabrams.com,up,HTTP 200,155
2026-07-28T22:31:24Z,https://www.ryanabrams.com,up,HTTP 200,229
2026-07-28T23:52:12Z,https://www.ryanabrams.com,up,HTTP 200,190
2026-07-29T01:48:30Z,https://www.ryanabrams.com,up,HTTP 200,322
2026-07-29T05:12:55Z,https://www.ryanabrams.com,up,HTTP 200,151
2026-07-29T08:02:32Z,https://www.ryanabrams.com,up,HTTP 200,229
2026-07-29T11:00:08Z,https://www.ryanabrams.com,up,HTTP 200,179
2026-07-29T13:02:48Z,https://www.ryanabrams.com,up,HTTP 200,157
2026-07-29T15:25:37Z,https://www.ryanabrams.com,up,HTTP 200,154
2026-07-29T16:46:56Z,https://www.ryanabrams.com,up,HTTP 200,167
2026-07-29T18:01:32Z,https://www.ryanabrams.com,up,HTTP 200,235
2026-07-29T19:50:12Z,https://www.ryanabrams.com,up,HTTP 200,293
2026-07-29T20:43:10Z,https://www.ryanabrams.com,up,HTTP 200,173
2026-07-29T21:51:15Z,https://www.ryanabrams.com,up,HTTP 200,172
2026-07-29T22:52:35Z,https://www.ryanabrams.com,up,HTTP 200,450
2026-07-29T23:54:00Z,https://www.ryanabrams.com,up,HTTP 200,275
2026-07-30T01:41:41Z,https://www.ryanabrams.com,up,HTTP 200,236
2026-07-30T04:49:45Z,https://www.ryanabrams.com,up,HTTP 200,185
2026-07-30T07:28:27Z,https://www.ryanabrams.com,up,HTTP 200,233
2026-07-30T09:58:24Z,https://www.ryanabrams.com,up,HTTP 200,165
2026-07-30T11:51:16Z,https://www.ryanabrams.com,up,HTTP 200,209
2026-07-30T13:29:29Z,https://www.ryanabrams.com,up,HTTP 200,188
2026-07-30T15:32:06Z,https://www.ryanabrams.com,up,HTTP 200,195
2026-07-30T17:16:06Z,https://www.ryanabrams.com,up,HTTP 200,214
2026-07-30T18:52:52Z,https://www.ryanabrams.com,up,HTTP 200,177
2026-07-30T20:11:13Z,https://www.ryanabrams.com,up,HTTP 200,220
2026-07-30T21:39:10Z,https://www.ryanabrams.com,up,HTTP 200,171
2026-07-30T22:56:41Z,https://www.ryanabrams.com,up,HTTP 200,156
2026-07-30T23:58:16Z,https://www.ryanabrams.com,up,HTTP 200,207
2026-07-31T02:48:27Z,https://www.ryanabrams.com,up,HTTP 200,329
2026-07-31T05:56:56Z,https://www.ryanabrams.com,up,HTTP 200,85
2026-07-31T08:43:55Z,https://www.ryanabrams.com,up,HTTP 200,225
2026-07-31T11:21:59Z,https://www.ryanabrams.com,up,HTTP 200,262
2026-07-31T13:11:43Z,https://www.ryanabrams.com,up,HTTP 200,116
2026-07-31T15:34:52Z,https://www.ryanabrams.com,up,HTTP 200,180
2026-07-31T17:20:38Z,https://www.ryanabrams.com,up,HTTP 200,174
2026-07-31T18:49:57Z,https://www.ryanabrams.com,up,HTTP 200,165
2026-07-31T20:14:39Z,https://www.ryanabrams.com,up,HTTP 200,425
2026-07-31T21:34:29Z,https://www.ryanabrams.com,up,HTTP 200,127
2026-07-31T22:52:28Z,https://www.ryanabrams.com,up,HTTP 200,154
2026-07-31T23:54:12Z,https://www.ryanabrams.com,up,HTTP 200,179
2026-08-01T01:59:25Z,https://www.ryanabrams.com,up,HTTP 200,160
2026-08-01T05:30:03Z,https://www.ryanabrams.com,up,HTTP 200,120
2026-08-01T07:41:52Z,https://www.ryanabrams.com,up,HTTP 200,200
2026-08-01T09:52:05Z,https://www.ryanabrams.com,up,HTTP 200,69
2026-08-01T11:11:04Z,https://www.ryanabrams.com,up,HTTP 200,153
2026-08-01T12:32:01Z,https://www.ryanabrams.com,up,HTTP 200,72
2026-08-01T14:22:50Z,https://www.ryanabrams.com,up,HTTP 200,175
2026-08-01T15:34:42Z,https://www.ryanabrams.com,up,HTTP 200,113
2026-08-01T16:51:01Z,https://www.ryanabrams.com,up,HTTP 200,82
2026-08-01T17:54:05Z,https://www.ryanabrams.com,up,HTTP 200,196
2026-08-01T18:55:58Z,https://www.ryanabrams.com,up,HTTP 200,344
2026-08-01T20:06:25Z,https://www.ryanabrams.com,up,HTTP 200,309
2026-08-01T21:14:44Z,https://www.ryanabrams.com,up,HTTP 200,249
2026-08-01T22:24:40Z,https://www.ryanabrams.com,up,HTTP 200,72
2026-08-01T23:04:39Z,https://www.ryanabrams.com,up,HTTP 200,90
2026-08-01T23:10:34Z,https://www.ryanabrams.com/355446,down,HTTP 404,84
2026-08-02T01:04:10Z,https://www.ryanabrams.com/,up,HTTP 200,209
2026-08-02T04:48:28Z,https://www.ryanabrams.com/,up,HTTP 200,161
2026-08-02T07:27:37Z,https://www.ryanabrams.com/,up,HTTP 200,117
2026-08-02T09:31:55Z,https://www.ryanabrams.com/,up,HTTP 200,207
2026-08-02T11:11:11Z,https://www.ryanabrams.com/,up,HTTP 200,315
2026-08-02T12:32:48Z,https://www.ryanabrams.com/,up,HTTP 200,148
2026-08-02T14:23:51Z,https://www.ryanabrams.com/,up,HTTP 200,144
2026-08-02T15:34:57Z,https://www.ryanabrams.com/,up,HTTP 200,127
2026-08-02T16:49:33Z,https://www.ryanabrams.com/,up,HTTP 200,217
2026-08-02T17:54:10Z,https://www.ryanabrams.com/,up,HTTP 200,82
2026-08-02T18:56:40Z,https://www.ryanabrams.com/,up,HTTP 200,105
2026-08-02T20:07:34Z,https://www.ryanabrams.com/,up,HTTP 200,153
2026-08-02T21:21:46Z,https://www.ryanabrams.com/,up,HTTP 200,88
2026-08-02T22:24:22Z,https://www.ryanabrams.com/,up,HTTP 200,165
2026-08-02T23:26:25Z,https://www.ryanabrams.com/,up,HTTP 200,169
2026-08-03T01:04:22Z,https://www.ryanabrams.com/,up,HTTP 200,190
2026-08-03T04:57:39Z,https://www.ryanabrams.com/,up,HTTP 200,154
2026-08-03T08:26:10Z,https://www.ryanabrams.com/,up,HTTP 200,97
2026-08-03T11:54:35Z,https://www.ryanabrams.com/,up,HTTP 200,413
2026-08-03T14:18:12Z,https://www.ryanabrams.com/,up,HTTP 200,280
2026-08-03T16:45:03Z,https://www.ryanabrams.com/,up,HTTP 200,305
2026-08-03T18:43:29Z,https://www.ryanabrams.com/,up,HTTP 200,193
2026-08-03T20:20:47Z,https://www.ryanabrams.com/,up,HTTP 200,118
2026-08-03T21:36:31Z,https://www.ryanabrams.com/,up,HTTP 200,155
2026-08-03T22:53:25Z,https://www.ryanabrams.com/,up,HTTP 200,190
2026-08-04T00:00:16Z,https://www.ryanabrams.com/,up,HTTP 200,165
2026-08-04T03:45:23Z,https://www.ryanabrams.com/,up,HTTP 200,201
2026-08-04T06:20:06Z,https://www.ryanabrams.com/,up,HTTP 200,310
2026-08-04T09:17:49Z,https://www.ryanabrams.com/,up,HTTP 200,419
2026-08-04T11:36:37Z,https://www.ryanabrams.com/,up,HTTP 200,141
2026-08-04T13:49:46Z,https://www.ryanabrams.com/,up,HTTP 200,210
2026-08-04T16:07:37Z,https://www.ryanabrams.com/,up,HTTP 200,129
2026-08-04T18:09:25Z,https://www.ryanabrams.com/,up,HTTP 200,306
2026-08-04T20:06:53Z,https://www.ryanabrams.com/,up,HTTP 200,145
2026-08-04T21:45:17Z,https://www.ryanabrams.com/,up,HTTP 200,202
2026-08-04T22:53:04Z,https://www.ryanabrams.com/,up,HTTP 200,325
2026-08-04T23:55:46Z,https://www.ryanabrams.com/,up,HTTP 200,160
2026-08-05T01:51:54Z,https://www.ryanabrams.com/,up,HTTP 200,196
2026-08-05T04:57:28Z,https://www.ryanabrams.com/,up,HTTP 200,180
2026-08-05T07:35:57Z,https://www.ryanabrams.com/,up,HTTP 200,103
2026-08-05T10:26:35Z,https://www.ryanabrams.com/,up,HTTP 200,200
2026-08-05T12:22:23Z,https://www.ryanabrams.com/,up,HTTP 200,204
2026-08-05T14:43:46Z,https://www.ryanabrams.com/,up,HTTP 200,168
2026-08-05T16:26:40Z,https://www.ryanabrams.com/,up,HTTP 200,339
2026-08-05T18:01:25Z,https://www.ryanabrams.com/,up,HTTP 200,149
2026-08-05T20:02:52Z,https://www.ryanabrams.com/,up,HTTP 200,88
2026-08-05T21:40:48Z,https://www.ryanabrams.com/,up,HTTP 200,226
2026-08-05T22:49:49Z,https://www.ryanabrams.com/,up,HTTP 200,225
2026-08-05T23:51:15Z,https://www.ryanabrams.com/,up,HTTP 200,173
2026-08-06T01:46:45Z,https://www.ryanabrams.com/,up,HTTP 200,192
2026-08-06T04:57:47Z,https://www.ryanabrams.com/,up,HTTP 200,436
2026-08-06T07:36:50Z,https://www.ryanabrams.com/,up,HTTP 200,222
2026-08-06T10:29:45Z,https://www.ryanabrams.com/,up,HTTP 200,155
2026-08-06T12:26:22Z,https://www.ryanabrams.com/,up,HTTP 200,126
2026-08-06T14:51:25Z,https://www.ryanabrams.com/,up,HTTP 200,274
2026-08-07T00:21:17Z,https://www.ryanabrams.com/,up,HTTP 200,271
2026-08-07T03:24:10Z,https://www.ryanabrams.com/,up,HTTP 200,218
2026-08-07T05:10:28Z,https://www.ryanabrams.com/,up,HTTP 200,219
2026-08-07T06:41:20Z,https://www.ryanabrams.com/,up,HTTP 200,215
2026-08-07T08:07:32Z,https://www.ryanabrams.com/,up,HTTP 200,188
2026-08-07T09:29:23Z,https://www.ryanabrams.com/,up,HTTP 200,254
2026-08-07T10:26:35Z,https://www.ryanabrams.com/,up,HTTP 200,158
2026-08-07T11:15:37Z,https://www.ryanabrams.com/,up,HTTP 200,246
2026-08-07T12:05:33Z,https://www.ryanabrams.com/,up,HTTP 200,98
2026-08-07T13:45:50Z,https://www.ryanabrams.com/,up,HTTP 200,125
2026-08-07T14:45:38Z,https://www.ryanabrams.com/,up,HTTP 200,202
2026-08-07T15:44:59Z,https://www.ryanabrams.com/,up,HTTP 200,42
2026-08-07T16:42:42Z,https://www.ryanabrams.com/,up,HTTP 200,178
2026-08-07T17:40:47Z,https://www.ryanabrams.com/,up,HTTP 200,364
2026-08-07T18:41:08Z,https://www.ryanabrams.com/,up,HTTP 200,167
2026-08-07T19:44:52Z,https://www.ryanabrams.com/,up,HTTP 200,120
2026-08-07T20:30:37Z,https://www.ryanabrams.com/,up,HTTP 200,124
2026-08-07T21:29:23Z,https://www.ryanabrams.com/,up,HTTP 200,258
2026-08-07T22:06:44Z,https://www.ryanabrams.com/,up,HTTP 200,189
2026-08-07T23:02:19Z,https://www.ryanabrams.com/,up,HTTP 200,186
2026-08-07T23:55:30Z,https://www.ryanabrams.com/,up,HTTP 200,182
2026-08-08T01:02:07Z,https://www.ryanabrams.com/,up,HTTP 200,216
2026-08-08T03:04:49Z,https://www.ryanabrams.com/,up,HTTP 200,171
2026-08-08T04:32:50Z,https://www.ryanabrams.com/,up,HTTP 200,134
2026-08-08T05:35:38Z,https://www.ryanabrams.com/,up,HTTP 200,177
2026-08-08T06:36:05Z,https://www.ryanabrams.com/,up,HTTP 200,386
2026-08-08T07:40:45Z,https://www.ryanabrams.com/,up,HTTP 200,159
2026-08-08T08:28:56Z,https://www.ryanabrams.com/,up,HTTP 200,141
2026-08-08T09:10:37Z,https://www.ryanabrams.com/,up,HTTP 200,168
2026-08-08T10:00:53Z,https://www.ryanabrams.com/,up,HTTP 200,305
2026-08-08T10:57:55Z,https://www.ryanabrams.com/,up,HTTP 200,167
2026-08-08T11:26:26Z,https://www.ryanabrams.com/,up,HTTP 200,179
2026-08-08T11:51:46Z,https://www.ryanabrams.com/,up,HTTP 200,182
2026-08-08T12:28:40Z,https://www.ryanabrams.com/,up,HTTP 200,162
2026-08-08T13:26:41Z,https://www.ryanabrams.com/,up,HTTP 200,122
2026-08-08T14:04:45Z,https://www.ryanabrams.com/,up,HTTP 200,141
2026-08-08T14:55:50Z,https://www.ryanabrams.com/,up,HTTP 200,81
2026-08-08T15:22:37Z,https://www.ryanabrams.com/,up,HTTP 200,198
2026-08-08T15:53:38Z,https://www.ryanabrams.com/,up,HTTP 200,166
2026-08-08T16:21:47Z,https://www.ryanabrams.com/,up,HTTP 200,160
2026-08-08T17:00:05Z,https://www.ryanabrams.com/,up,HTTP 200,346
2026-08-08T17:34:42Z,https://www.ryanabrams.com/,up,HTTP 200,169
2026-08-08T18:23:31Z,https://www.ryanabrams.com/,up,HTTP 200,165
2026-08-08T19:06:47Z,https://www.ryanabrams.com/,up,HTTP 200,281
2026-08-08T19:50:39Z,https://www.ryanabrams.com/,up,HTTP 200,302
2026-08-08T20:18:16Z,https://www.ryanabrams.com/,up,HTTP 200,166
2026-08-08T20:55:44Z,https://www.ryanabrams.com/,up,HTTP 200,183
2026-08-08T21:22:07Z,https://www.ryanabrams.com/,up,HTTP 200,72
2026-08-08T21:53:05Z,https://www.ryanabrams.com/,up,HTTP 200,137
2026-08-08T22:19:07Z,https://www.ryanabrams.com/,up,HTTP 200,119
2026-08-08T22:54:23Z,https://www.ryanabrams.com/,up,HTTP 200,176
2026-08-08T23:19:17Z,https://www.ryanabrams.com/,up,HTTP 200,181
2026-08-08T23:51:38Z,https://www.ryanabrams.com/,up,HTTP 200,89
2026-08-09T01:01:48Z,https://www.ryanabrams.com/,up,HTTP 200,170
2026-08-09T03:11:52Z,https://www.ryanabrams.com/,up,HTTP 200,129
2026-08-09T04:43:15Z,https://www.ryanabrams.com/,up,HTTP 200,169
2026-08-09T05:41:07Z,https://www.ryanabrams.com/,up,HTTP 200,224
2026-08-09T06:39:34Z,https://www.ryanabrams.com/,up,HTTP 200,153
2026-08-09T07:45:20Z,https://www.ryanabrams.com/,up,HTTP 200,164
2026-08-09T08:31:26Z,https://www.ryanabrams.com/,up,HTTP 200,198
2026-08-09T09:30:09Z,https://www.ryanabrams.com/,up,HTTP 200,163
2026-08-09T10:23:15Z,https://www.ryanabrams.com/,up,HTTP 200,108
2026-08-09T10:59:33Z,https://www.ryanabrams.com/,up,HTTP 200,237
2026-08-09T11:31:55Z,https://www.ryanabrams.com/,up,HTTP 200,85
2026-08-09T12:31:31Z,https://www.ryanabrams.com/,up,HTTP 200,205
2026-08-09T13:41:31Z,https://www.ryanabrams.com/,up,HTTP 200,81
2026-08-09T14:25:15Z,https://www.ryanabrams.com/,up,HTTP 200,63
2026-08-09T14:59:17Z,https://www.ryanabrams.com/,up,HTTP 200,78
2026-08-09T15:33:52Z,https://www.ryanabrams.com/,up,HTTP 200,99
2026-08-09T16:23:20Z,https://www.ryanabrams.com/,up,HTTP 200,69
2026-08-09T17:02:53Z,https://www.ryanabrams.com/,up,HTTP 200,144
2026-08-09T17:55:16Z,https://www.ryanabrams.com/,up,HTTP 200,262
2026-08-09T18:26:52Z,https://www.ryanabrams.com/,up,HTTP 200,156
2026-08-09T19:10:22Z,https://www.ryanabrams.com/,up,HTTP 200,213
2026-08-09T19:54:11Z,https://www.ryanabrams.com/,up,HTTP 200,164
2026-08-09T20:21:02Z,https://www.ryanabrams.com/,up,HTTP 200,136
2026-08-09T20:59:56Z,https://www.ryanabrams.com/,up,HTTP 200,161
2026-08-09T21:36:14Z,https://www.ryanabrams.com/,up,HTTP 200,80
2026-08-09T22:20:16Z,https://www.ryanabrams.com/,up,HTTP 200,188
2026-08-09T22:57:16Z,https://www.ryanabrams.com/,up,HTTP 200,247
2026-08-09T23:27:29Z,https://www.ryanabrams.com/,up,HTTP 200,232
2026-08-09T23:57:16Z,https://www.ryanabrams.com/,up,HTTP 200,118
2026-08-10T01:27:18Z,https://www.ryanabrams.com/,up,HTTP 200,117
2026-08-10T03:25:02Z,https://www.ryanabrams.com/,up,HTTP 200,203
2026-08-10T05:02:36Z,https://www.ryanabrams.com/,up,HTTP 200,313
2026-08-10T06:48:47Z,https://www.ryanabrams.com/,up,HTTP 200,152
2026-08-10T08:21:49Z,https://www.ryanabrams.com/,up,HTTP 200,139
2026-08-10T09:54:45Z,https://www.ryanabrams.com/,up,HTTP 200,172
2026-08-10T10:58:57Z,https://www.ryanabrams.com/,up,HTTP 200,147
2026-08-10T11:48:04Z,https://www.ryanabrams.com/,up,HTTP 200,132
2026-08-10T12:47:19Z,https://www.ryanabrams.com/,up,HTTP 200,165
2026-08-10T14:14:18Z,https://www.ryanabrams.com/,up,HTTP 200,232
2026-08-10T15:28:49Z,https://www.ryanabrams.com/,up,HTTP 200,262
2026-08-10T16:22:51Z,https://www.ryanabrams.com/,up,HTTP 200,355
2026-08-10T17:22:02Z,https://www.ryanabrams.com/,up,HTTP 200,92
2026-08-10T18:10:41Z,https://www.ryanabrams.com/,up,HTTP 200,147
2026-08-10T19:27:46Z,https://www.ryanabrams.com/,up,HTTP 200,115
2026-08-10T20:07:37Z,https://www.ryanabrams.com/,up,HTTP 200,205
2026-08-10T21:09:04Z,https://www.ryanabrams.com/,up,HTTP 200,257
2026-08-10T22:04:41Z,https://www.ryanabrams.com/,up,HTTP 200,139
2026-08-10T23:03:59Z,https://www.ryanabrams.com/,up,HTTP 200,188
2026-08-10T23:57:58Z,https://www.ryanabrams.com/,up,HTTP 200,253
2026-08-11T01:39:14Z,https://www.ryanabrams.com/,up,HTTP 200,155
2026-08-11T03:26:46Z,https://www.ryanabrams.com/,up,HTTP 200,81
2026-08-11T04:47:32Z,https://www.ryanabrams.com/,up,HTTP 200,201
2026-08-11T05:48:29Z,https://www.ryanabrams.com/,up,HTTP 200,218
2026-08-11T06:50:50Z,https://www.ryanabrams.com/,up,HTTP 200,193
2026-08-11T08:04:00Z,https://www.ryanabrams.com/,up,HTTP 200,286
2026-08-11T09:27:09Z,https://www.ryanabrams.com/,up,HTTP 200,154
2026-08-11T10:23:32Z,https://www.ryanabrams.com/,up,HTTP 200,168
2026-08-11T11:11:25Z,https://www.ryanabrams.com/,up,HTTP 200,309
2026-08-11T12:05:31Z,https://www.ryanabrams.com/,up,HTTP 200,198
2026-08-11T13:50:31Z,https://www.ryanabrams.com/,up,HTTP 200,214
2026-08-11T14:50:21Z,https://www.ryanabrams.com/,up,HTTP 200,298
2026-08-11T15:51:40Z,https://www.ryanabrams.com/,up,HTTP 200,111
2026-08-11T16:48:21Z,https://www.ryanabrams.com/,up,HTTP 200,163
2026-08-11T17:50:00Z,https://www.ryanabrams.com/,up,HTTP 200,172
2026-08-11T18:49:29Z,https://www.ryanabrams.com/,up,HTTP 200,182
2026-08-11T19:55:02Z,https://www.ryanabrams.com/,up,HTTP 200,258
2026-08-11T20:35:39Z,https://www.ryanabrams.com/,up,HTTP 200,4005
2026-08-11T21:36:03Z,https://www.ryanabrams.com/,up,HTTP 200,162
2026-08-11T22:32:40Z,https://www.ryanabrams.com/,up,HTTP 200,92
2026-08-11T23:30:42Z,https://www.ryanabrams.com/,up,HTTP 200,219
2026-08-12T01:10:16Z,https://www.ryanabrams.com/,up,HTTP 200,164
2026-08-12T03:33:29Z,https://www.ryanabrams.com/,up,HTTP 200,304
2026-08-12T05:24:30Z,https://www.ryanabrams.com/,up,HTTP 200,155
2026-08-12T06:50:48Z,https://www.ryanabrams.com/,up,HTTP 200,159
2026-08-12T08:09:14Z,https://www.ryanabrams.com/,up,HTTP 200,125
2026-08-12T09:36:44Z,https://www.ryanabrams.com/,up,HTTP 200,239
2026-08-12T10:52:32Z,https://www.ryanabrams.com/,up,HTTP 200,206
2026-08-12T11:39:19Z,https://www.ryanabrams.com/,up,HTTP 200,135
